Archivo,Institucion,Dataset,URL,Procedencia_fecha,Cobertura
catastro.csv,ODEPA-CIREN,Catastro 2024,https://datos.odepa.gob.cl/dataset/ea82304e-917f-4cdb-abf6-555782483dc1/resource/e5d0481f-bd99-4e38-b86e-e1030b40997a/download/catastro_fruticola_2024.csv,Descargado 2026-10-03,Comuna / bloque
exportaciones_temporada.xlsx,ODEPA,Boletín enero 2026,https://www.odepa.gob.cl/wp-content/uploads/2026/01/Exportaciones-por-temporada0126.xlsx,Descargado 2026-10-03,Nacional / temporadas completas 2016-17 a 2024-25
exportaciones_anuales.xlsx,ODEPA,"Boletín enero 2026, complemento conservado no usado en modelos",https://www.odepa.gob.cl/wp-content/uploads/2026/01/Exportaciones0126_v2.xlsx,Descargado 2026-10-03,Mensual 2024-2025; fuente auxiliar
PUB_COMU_ACT_V2.txt,SII,Estadísticas empresas comuna actividad,https://www.sii.cl/sobre_el_sii/empresas/EMPRESAS.zip,Extraído del ZIP oficial existente; revisión 2026-10-03; descarga original desconocida,Comuna / actividad 2021-2024
PUB_TRAM5_COMU.txt,SII,Estadísticas empresas comuna tamaño,https://www.sii.cl/sobre_el_sii/empresas/EMPRESAS.zip,Extraído del ZIP oficial existente; revisión 2026-10-03; descarga original desconocida,Comuna / tamaño 2005-2024
INE_rama.xlsx,INE,"Serie por rama de actividad, hoja LI",https://www.ine.gob.cl/estadisticas/sociales/mercado-laboral/ocupacion-y-desocupacion,Copia sin cambios de rama.xlsx del ZIP del usuario; revisión 2026-10-03; descarga original desconocida,Regional / trimestres móviles feb.2013-jul.2026
anuario-2017.pdf,DMC,Anuario 2017,https://climatologia.meteochile.gob.cl/publicaciones/anuario/anuario-2017.pdf,Descargado 2026-10-03,San Fernando Ex-Sendos y San Benito de Chimbarongo; JJA
anuario-2018.pdf,DMC,Anuario 2018,https://climatologia.meteochile.gob.cl/publicaciones/anuario/anuario-2018.pdf,Descargado 2026-10-03,San Fernando Ex-Sendos y San Benito de Chimbarongo; JJA
anuario-2019.pdf,DMC,Anuario 2019,https://climatologia.meteochile.gob.cl/publicaciones/anuario/anuario-2019.pdf,Descargado 2026-10-03,San Fernando Ex-Sendos y San Benito de Chimbarongo; JJA
anuario-2020.pdf,DMC,Anuario 2020,https://climatologia.meteochile.gob.cl/publicaciones/anuario/anuario-2020.pdf,Descargado 2026-10-03,San Fernando Ex-Sendos y San Benito de Chimbarongo; JJA
anuario-2021.pdf,DMC,Anuario 2021,https://climatologia.meteochile.gob.cl/publicaciones/anuario/anuario-2021.pdf,Descargado 2026-10-03,San Fernando Ex-Sendos y San Benito de Chimbarongo; JJA
anuario-2022.pdf,DMC,Anuario 2022,https://climatologia.meteochile.gob.cl/publicaciones/anuario/anuario-2022.pdf,Descargado 2026-10-03,San Fernando Ex-Sendos y San Benito de Chimbarongo; JJA
anuario-2023.pdf,DMC,Anuario 2023,https://climatologia.meteochile.gob.cl/publicaciones/anuario/anuario-2023.pdf,Copia de fuente DMC disponible; verificación visual 2026-10-03,San Fernando Ex-Sendos y San Benito de Chimbarongo; JJA
anuario-2024.pdf,DMC,Anuario 2024,https://climatologia.meteochile.gob.cl/publicaciones/anuario/anuario-2024.pdf,Copia de fuente DMC disponible; verificación visual 2026-10-03,San Fernando Ex-Sendos y San Benito de Chimbarongo; JJA
anuario-2025.pdf,DMC,Anuario 2025,https://climatologia.meteochile.gob.cl/publicaciones/anuario/anuario-2025.pdf,Copia de fuente DMC disponible; verificación visual 2026-10-03,San Fernando Ex-Sendos y San Benito de Chimbarongo; JJA
DimComuna.csv,BCN / normativa territorial,Códigos territoriales de Colchagua,https://www.bcn.cl/leychile/navegar?i=220924,Consulta 2026-10-03; correspondencia de nombres y códigos,"Diez comunas, CUT 06301 a 06310; referencia de la dimensión"
