Archivo,Bytes,SHA256
datos/originales/anuario-2017.pdf,3785686,d6c0206fa7d19f511ded77f0aa2f7d552bee793340fe5ad0b0a50e13f41b5d61
datos/originales/anuario-2018.pdf,1323161,e3a7d1a90d1bfd5094a28183247e47aba85a8b72a3381f50e8428bb7c2fbed46
datos/originales/anuario-2019.pdf,1755206,c905e755886efc5957044c0063ac0652a7ce7e2b79f49a07f59b80a548923042
datos/originales/anuario-2020.pdf,2936272,403337159d5c9e7b9f59dbfc004075077efafc9d1ee6caf2e0305f5dc82fc451
datos/originales/anuario-2021.pdf,1273707,f2d29877031041f3c844ba7c0123afc892552ad898d17d5a202251a140f7bb6f
datos/originales/anuario-2022.pdf,1275457,51b72518037a17117f37a1e7863b64ec8b279aa2709914f38c489ae1783abd83
datos/originales/anuario-2023.pdf,1535739,32ad35d374efc8b0e9885165b6779dd2cb3fad7e15108da20c2f18125207a6b8
datos/originales/anuario-2024.pdf,17398695,140f71e72e2b01f4464f4fb218513e6b54343fd2391383e7b2e5e7b0839dafd5
datos/originales/anuario-2025.pdf,18388803,fa88f71884f2f8a717ef932780be326e5e6c9c6119dfa946a0d02d2e8118fe16
datos/originales/catastro.csv,14228010,dc40ea6773eb7bc95b98a946a87b60528505fc4aee7ef28ca2ca99bf2fc83111
datos/originales/exportaciones_anuales.xlsx,2624767,24712f9e2f2cd4e8a829d022779875c36813be31011115303c3cdb3379064c6b
datos/originales/exportaciones_temporada.xlsx,3945780,42b076574ef53f8c6100f4aff8783f90cadb7a75bbb0afeb1047e1dc25bb1839
datos/originales/INE_rama.xlsx,1511181,4d12229348ca7488e45f12817abeb4ba25681e4f31d192798dea872929e07869
datos/originales/PUB_COMU_ACT_V2.txt,95595574,c9d365df3f62e1468ebc787f5761d720b8476a0771edf983e5cc48020df1e98d
datos/originales/PUB_TRAM5_COMU.txt,8522294,ef40253d9e37f7c8bed3d6fa7788f1767693f504a8ade4b876678d10d44c09e9
