Anio,CUT,Comuna,Lluvia_JJA,Max24h_JJA,Meses_validos,Referencia_2017_2022,Anomalia_lluvia
2017,06301,San Fernando,337.5,36.5,3,255.66666666666666,0.3200782268578879
2017,06303,Chimbarongo,390.0,42.9,3,262.8333333333333,0.48383005707038684
2018,06301,San Fernando,222.5,47.0,3,255.66666666666666,-0.12972620599739237
2018,06303,Chimbarongo,232.7,61.3,3,262.8333333333333,-0.11464806594800248
2019,06301,San Fernando,104.5,29.0,3,255.66666666666666,-0.5912646675358539
2019,06303,Chimbarongo,102.4,49.8,3,262.8333333333333,-0.6103994927076728
2020,06301,San Fernando,395.5,54.5,3,255.66666666666666,0.546936114732725
2020,06303,Chimbarongo,409.40000000000003,54.1,3,262.8333333333333,0.5576410906785036
2021,06301,San Fernando,247.0,68.5,3,255.66666666666666,-0.03389830508474567
2021,06303,Chimbarongo,224.7,60.9,3,262.8333333333333,-0.14508560558021555
2022,06301,San Fernando,227.0,34.0,3,255.66666666666666,-0.11212516297262054
2022,06303,Chimbarongo,217.8,34.6,3,262.8333333333333,-0.17133798351299923
2023,06301,San Fernando,,,2,255.66666666666666,
2023,06303,Chimbarongo,468.29999999999995,69.7,3,262.8333333333333,0.7817374762206721
2024,06301,San Fernando,460.0,71.5,3,255.66666666666666,0.7992177314211213
2024,06303,Chimbarongo,466.4,82.5,3,262.8333333333333,0.7745085605580215
2025,06301,San Fernando,243.0,48.5,3,255.66666666666666,-0.049543676662320735
2025,06303,Chimbarongo,228.7,73.4,3,262.8333333333333,-0.12986683576410907
