CUT,Comuna,Especie,Riego,Hectareas,Anio
06301,San Fernando,Arándano Americano,Goteo,8.48,2024
06301,San Fernando,Cerezo,Goteo,2868.54,2024
06301,San Fernando,Cerezo,Micro aspersión,173.72,2024
06301,San Fernando,Cerezo,Surco,137.0,2024
06301,San Fernando,Cerezo,Tendido,47.230000000000004,2024
06301,San Fernando,Ciruelo Europeo,Goteo,205.32999999999998,2024
06301,San Fernando,Ciruelo Japonés,Goteo,72.68,2024
06301,San Fernando,Ciruelo Japonés,Micro aspersión,6.4,2024
06301,San Fernando,Ciruelo Japonés,Surco,26.53,2024
06301,San Fernando,Duraznero Consumo Fresco,Goteo,2.03,2024
06301,San Fernando,Kiwi,Goteo,263.27,2024
06301,San Fernando,Kiwi,Micro aspersión,110.62,2024
06301,San Fernando,Kiwi,Surco,3.22,2024
06301,San Fernando,Kiwi,Tendido,29.2,2024
06301,San Fernando,Kiwi Gold o Kiwi Amarillo,Goteo,19.12,2024
06301,San Fernando,Kiwi Gold o Kiwi Amarillo,Micro aspersión,2.31,2024
06301,San Fernando,Manzano Rojo,Goteo,273.64,2024
06301,San Fernando,Manzano Rojo,Micro aspersión,43.9,2024
06301,San Fernando,Manzano Rojo,Platabanda,1.27,2024
06301,San Fernando,Manzano Rojo,Surco,55.18,2024
06301,San Fernando,Manzano Rojo,Tendido,50.76,2024
06301,San Fernando,Manzano Verde,Goteo,77.98,2024
06301,San Fernando,Manzano Verde,Micro aspersión,9.45,2024
06301,San Fernando,Manzano Verde,Platabanda,0.13,2024
06301,San Fernando,Manzano Verde,Surco,82.4,2024
06301,San Fernando,Manzano Verde,Tendido,37.15,2024
06301,San Fernando,Nectarino,Goteo,37.8,2024
06301,San Fernando,Nectarino,Micro aspersión,3.79,2024
06301,San Fernando,Nogal,Goteo,74.1,2024
06301,San Fernando,Nogal,Micro aspersión,10.0,2024
06301,San Fernando,Olivo,Goteo,56.74,2024
06301,San Fernando,Peral,Goteo,205.13,2024
06301,San Fernando,Peral,Micro aspersión,41.730000000000004,2024
06301,San Fernando,Peral,Surco,26.840000000000003,2024
06301,San Fernando,Peral,Tendido,61.18,2024
06301,San Fernando,Pluots,Goteo,1.2,2024
06301,San Fernando,Pluots,Micro aspersión,1.73,2024
06301,San Fernando,Vid de Mesa,Goteo,432.78,2024
06301,San Fernando,Vid de Mesa,Surco,20.44,2024
06301,San Fernando,Vid de Mesa,Tendido,21.16,2024
06302,Chépica,Almendro,Goteo,0.86,2024
06302,Chépica,Arándano Americano,Goteo,9.11,2024
06302,Chépica,Cerezo,Goteo,733.36,2024
06302,Chépica,Cerezo,Surco,5.83,2024
06302,Chépica,Ciruelo Europeo,Goteo,577.65,2024
06302,Chépica,Ciruelo Europeo,Surco,24.39,2024
06302,Chépica,Ciruelo Europeo,Tendido,59.41,2024
06302,Chépica,Ciruelo Japonés,Goteo,37.01,2024
06302,Chépica,Damasco,Goteo,4.39,2024
06302,Chépica,Duraznero Consumo Fresco,Goteo,0.43,2024
06302,Chépica,Duraznero Tipo Conservero,Goteo,129.9,2024
06302,Chépica,Duraznero Tipo Conservero,Tendido,12.2,2024
06302,Chépica,Limonero,Tendido,1.4700000000000002,2024
06302,Chépica,Mandarino,Goteo,23.21,2024
06302,Chépica,Manzano Rojo,Goteo,37.93000000000001,2024
06302,Chépica,Manzano Verde,Goteo,23.76,2024
06302,Chépica,Naranjo,Goteo,35.0,2024
06302,Chépica,Nectarino,Goteo,28.64,2024
06302,Chépica,Nogal,Goteo,141.61,2024
06302,Chépica,Palto,Goteo,21.3,2024
06302,Chépica,Palto,Tendido,0.99,2024
06302,Chépica,Peral,Goteo,67.88,2024
06302,Chépica,Peral,Surco,2.1,2024
06302,Chépica,Peral,Tendido,7.53,2024
06302,Chépica,Vid de Mesa,Goteo,317.28,2024
06302,Chépica,Vid de Mesa,Surco,9.97,2024
06302,Chépica,Vid de Mesa,Tendido,60.99,2024
06303,Chimbarongo,Almendro,Tendido,0.89,2024
06303,Chimbarongo,Arándano Americano,Goteo,56.019999999999996,2024
06303,Chimbarongo,Avellano,Goteo,1.37,2024
06303,Chimbarongo,Cerezo,Goteo,3949.65,2024
06303,Chimbarongo,Cerezo,Micro aspersión,507.83,2024
06303,Chimbarongo,Cerezo,Surco,487.88,2024
06303,Chimbarongo,Cerezo,Tendido,37.3,2024
06303,Chimbarongo,Ciruelo Europeo,Goteo,184.91,2024
06303,Chimbarongo,Ciruelo Europeo,Tendido,12.5,2024
06303,Chimbarongo,Ciruelo Japonés,Goteo,68.39,2024
06303,Chimbarongo,Duraznero Consumo Fresco,Surco,2.7,2024
06303,Chimbarongo,Duraznero Tipo Conservero,Goteo,181.59,2024
06303,Chimbarongo,Duraznero Tipo Conservero,Tendido,12.0,2024
06303,Chimbarongo,Frambuesa,Goteo,46.69,2024
06303,Chimbarongo,Frambuesa,Surco,6.1,2024
06303,Chimbarongo,Frambuesa,Tendido,0.2,2024
06303,Chimbarongo,Hardy Kiwi o Baby Kiwi,Goteo,2.5,2024
06303,Chimbarongo,Hardy Kiwi o Baby Kiwi,Micro aspersión,1.5,2024
06303,Chimbarongo,Hardy Kiwi o Baby Kiwi,Tendido,0.8500000000000001,2024
06303,Chimbarongo,Higuera,Goteo,2.5,2024
06303,Chimbarongo,Kiwi,Goteo,299.28000000000003,2024
06303,Chimbarongo,Kiwi,Micro aspersión,246.77,2024
06303,Chimbarongo,Kiwi,Surco,101.38,2024
06303,Chimbarongo,Kiwi,Tendido,9.120000000000001,2024
06303,Chimbarongo,Kiwi Gold o Kiwi Amarillo,Micro aspersión,5.34,2024
06303,Chimbarongo,Mandarino,Goteo,5.0,2024
06303,Chimbarongo,Manzano Rojo,Goteo,359.69,2024
06303,Chimbarongo,Manzano Rojo,Micro aspersión,281.35,2024
06303,Chimbarongo,Manzano Rojo,Surco,407.76,2024
06303,Chimbarongo,Manzano Rojo,Tendido,25.88,2024
06303,Chimbarongo,Manzano Verde,Goteo,68.67,2024
06303,Chimbarongo,Manzano Verde,Micro aspersión,47.04,2024
06303,Chimbarongo,Manzano Verde,Surco,159.46,2024
06303,Chimbarongo,Manzano Verde,Tendido,5.71,2024
06303,Chimbarongo,Membrillo,Goteo,13.89,2024
06303,Chimbarongo,Membrillo,Surco,13.84,2024
06303,Chimbarongo,Moras Cultivadas e Híbridos,Goteo,5.07,2024
06303,Chimbarongo,Moras Cultivadas e Híbridos,Surco,20.02,2024
06303,Chimbarongo,Moras Cultivadas e Híbridos,Tendido,0.2,2024
06303,Chimbarongo,Naranjo,Goteo,1.2,2024
06303,Chimbarongo,Nectarino,Goteo,43.85,2024
06303,Chimbarongo,Nectarino,Surco,2.2,2024
06303,Chimbarongo,Nectarino,Tendido,3.0,2024
06303,Chimbarongo,Nogal,Goteo,240.3,2024
06303,Chimbarongo,Nogal,Micro aspersión,193.27,2024
06303,Chimbarongo,Nogal,Surco,2.65,2024
06303,Chimbarongo,Palto,Goteo,2.0,2024
06303,Chimbarongo,Palto,Micro aspersión,2.6999999999999997,2024
06303,Chimbarongo,Peral,Goteo,96.75,2024
06303,Chimbarongo,Peral,Micro aspersión,59.46,2024
06303,Chimbarongo,Peral,Surco,41.22,2024
06303,Chimbarongo,Peral,Tendido,7.5,2024
06303,Chimbarongo,Pluots,Goteo,3.22,2024
06303,Chimbarongo,Tuna,Surco,3.0,2024
06303,Chimbarongo,Vid de Mesa,Goteo,111.36,2024
06303,Chimbarongo,Vid de Mesa,Micro aspersión,2.4,2024
06304,Lolol,Almendro,Goteo,232.95,2024
06304,Lolol,Arándano Americano,Goteo,42.19,2024
06304,Lolol,Cerezo,Goteo,139.09,2024
06304,Lolol,Ciruelo Europeo,Goteo,1095.34,2024
06304,Lolol,Ciruelo Europeo,Micro aspersión,16.75,2024
06304,Lolol,Duraznero Tipo Conservero,Goteo,80.48,2024
06304,Lolol,Kiwi,Goteo,31.01,2024
06304,Lolol,Limonero,Goteo,10.21,2024
06304,Lolol,Limonero,Surco,0.14,2024
06304,Lolol,Mandarino,Goteo,78.17999999999999,2024
06304,Lolol,Naranjo,Goteo,7.8,2024
06304,Lolol,Naranjo,Surco,0.14,2024
06304,Lolol,Nectarino,Goteo,7.7,2024
06304,Lolol,Nogal,Goteo,165.79,2024
06304,Lolol,Olivo,Goteo,785.84,2024
06304,Lolol,Olivo,Surco,0.8500000000000001,2024
06304,Lolol,Palto,Goteo,135.38,2024
06304,Lolol,Palto,Surco,0.3,2024
06304,Lolol,Vid de Mesa,Goteo,46.26,2024
06305,Nancagua,Arándano Americano,Goteo,10.23,2024
06305,Nancagua,Cerezo,Goteo,404.1,2024
06305,Nancagua,Cerezo,Tendido,21.52,2024
06305,Nancagua,Ciruelo Europeo,Goteo,327.78,2024
06305,Nancagua,Ciruelo Europeo,Tendido,206.81,2024
06305,Nancagua,Ciruelo Japonés,Goteo,34.51,2024
06305,Nancagua,Ciruelo Japonés,Tendido,10.9,2024
06305,Nancagua,Duraznero Tipo Conservero,Goteo,20.759999999999998,2024
06305,Nancagua,Duraznero Tipo Conservero,Tendido,26.1,2024
06305,Nancagua,Kiwi,Goteo,127.47,2024
06305,Nancagua,Mandarino,Goteo,99.22999999999999,2024
06305,Nancagua,Naranjo,Goteo,28.84,2024
06305,Nancagua,Nectarino,Goteo,44.5,2024
06305,Nancagua,Nectarino,Tendido,1.2,2024
06305,Nancagua,Nogal,Goteo,62.26,2024
06305,Nancagua,Peral,Goteo,3.0,2024
06305,Nancagua,Peral,Tendido,21.41,2024
06305,Nancagua,Pluots,Goteo,2.33,2024
06305,Nancagua,Vid de Mesa,Goteo,478.41,2024
06305,Nancagua,Vid de Mesa,Tendido,134.37,2024
06306,Palmilla,Avellano,Goteo,15.64,2024
06306,Palmilla,Cerezo,Goteo,1188.29,2024
06306,Palmilla,Cerezo,Micro aspersión,23.16,2024
06306,Palmilla,Ciruelo Europeo,Goteo,883.1,2024
06306,Palmilla,Ciruelo Europeo,Micro aspersión,13.23,2024
06306,Palmilla,Ciruelo Europeo,Surco,51.91,2024
06306,Palmilla,Ciruelo Europeo,Tendido,15.3,2024
06306,Palmilla,Ciruelo Japonés,Goteo,166.6,2024
06306,Palmilla,Duraznero Tipo Conservero,Goteo,6.37,2024
06306,Palmilla,Kiwi,Goteo,71.93,2024
06306,Palmilla,Kiwi Gold o Kiwi Amarillo,Goteo,2.38,2024
06306,Palmilla,Limonero,Goteo,86.39,2024
06306,Palmilla,Limonero,Surco,0.69,2024
06306,Palmilla,Mandarino,Goteo,249.84,2024
06306,Palmilla,Naranjo,Goteo,151.54999999999998,2024
06306,Palmilla,Naranjo,Surco,7.68,2024
06306,Palmilla,Nectarino,Goteo,113.41,2024
06306,Palmilla,Nogal,Goteo,49.66,2024
06306,Palmilla,Palto,Goteo,79.62,2024
06306,Palmilla,Palto,Micro aspersión,72.06,2024
06306,Palmilla,Peral,Goteo,2.64,2024
06306,Palmilla,Peral,Surco,23.32,2024
06306,Palmilla,Pluots,Goteo,14.74,2024
06306,Palmilla,Vid de Mesa,Goteo,274.75,2024
06307,Peralillo,Almendro,Goteo,132.74,2024
06307,Peralillo,Arándano Americano,Goteo,9.899999999999999,2024
06307,Peralillo,Avellano,Goteo,11.95,2024
06307,Peralillo,Cerezo,Goteo,397.72,2024
06307,Peralillo,Cerezo,Micro aspersión,62.29,2024
06307,Peralillo,Cerezo,Surco,9.48,2024
06307,Peralillo,Ciruelo Europeo,Goteo,950.46,2024
06307,Peralillo,Ciruelo Europeo,Surco,105.11,2024
06307,Peralillo,Ciruelo Japonés,Goteo,53.459999999999994,2024
06307,Peralillo,Ciruelo Japonés,Surco,4.33,2024
06307,Peralillo,Duraznero Tipo Conservero,Goteo,49.47,2024
06307,Peralillo,Kiwi,Goteo,15.74,2024
06307,Peralillo,Manzano Rojo,Goteo,37.08,2024
06307,Peralillo,Manzano Verde,Goteo,1.9300000000000002,2024
06307,Peralillo,Membrillo,Surco,14.81,2024
06307,Peralillo,Naranjo,Goteo,42.49,2024
06307,Peralillo,Naranjo,Surco,1.63,2024
06307,Peralillo,Nectarino,Goteo,6.32,2024
06307,Peralillo,Nectarino,Surco,2.0,2024
06307,Peralillo,Nogal,Goteo,119.14,2024
06307,Peralillo,Olivo,Goteo,20.34,2024
06307,Peralillo,Peral,Goteo,37.61,2024
06307,Peralillo,Peral,Surco,36.38,2024
06307,Peralillo,Pluots,Goteo,1.67,2024
06307,Peralillo,Vid de Mesa,Goteo,212.08,2024
06307,Peralillo,Vid de Mesa,Surco,10.4,2024
06308,Placilla,Arándano Americano,Goteo,30.23,2024
06308,Placilla,Cerezo,Goteo,739.63,2024
06308,Placilla,Cerezo,Surco,111.98,2024
06308,Placilla,Ciruelo Europeo,Goteo,99.58,2024
06308,Placilla,Ciruelo Europeo,Surco,124.08,2024
06308,Placilla,Ciruelo Japonés,Goteo,33.18,2024
06308,Placilla,Ciruelo Japonés,Surco,11.77,2024
06308,Placilla,Duraznero Tipo Conservero,Goteo,0.26,2024
06308,Placilla,Duraznero Tipo Conservero,Surco,10.48,2024
06308,Placilla,Kiwi,Goteo,83.8,2024
06308,Placilla,Kiwi,Micro aspersión,0.13,2024
06308,Placilla,Kiwi,Surco,17.42,2024
06308,Placilla,Kiwi Gold o Kiwi Amarillo,Goteo,6.67,2024
06308,Placilla,Kiwi Gold o Kiwi Amarillo,Micro aspersión,2.29,2024
06308,Placilla,Limonero,Surco,3.04,2024
06308,Placilla,Mandarino,Goteo,4.76,2024
06308,Placilla,Manzano Rojo,Goteo,40.839999999999996,2024
06308,Placilla,Manzano Rojo,Micro aspersión,9.07,2024
06308,Placilla,Manzano Rojo,Surco,179.37,2024
06308,Placilla,Manzano Verde,Goteo,4.78,2024
06308,Placilla,Manzano Verde,Micro aspersión,12.209999999999999,2024
06308,Placilla,Manzano Verde,Surco,31.54,2024
06308,Placilla,Naranjo,Surco,4.41,2024
06308,Placilla,Nectarino,Goteo,3.79,2024
06308,Placilla,Nectarino,Surco,43.32,2024
06308,Placilla,Palto,Goteo,4.3,2024
06308,Placilla,Peral,Goteo,60.16,2024
06308,Placilla,Peral,Micro aspersión,14.05,2024
06308,Placilla,Peral,Surco,188.34,2024
06308,Placilla,Vid de Mesa,Goteo,615.99,2024
06308,Placilla,Vid de Mesa,Surco,105.14,2024
06309,Pumanque,Arándano Americano,Goteo,52.02,2024
06309,Pumanque,Avellano,Goteo,36.72,2024
06309,Pumanque,Cerezo,Goteo,53.04,2024
06309,Pumanque,Ciruelo Europeo,Goteo,122.4,2024
06309,Pumanque,Duraznero Tipo Conservero,Goteo,13.5,2024
06309,Pumanque,Limonero,Goteo,0.2,2024
06309,Pumanque,Mandarino,Goteo,90.3,2024
06309,Pumanque,Nectarino,Goteo,32.9,2024
06309,Pumanque,Olivo,Goteo,189.78,2024
06309,Pumanque,Palto,Goteo,0.5,2024
06309,Pumanque,Pistacho,Goteo,7.0,2024
06309,Pumanque,Vid de Mesa,Goteo,131.9,2024
06310,Santa Cruz,Almendro,Goteo,19.18,2024
06310,Santa Cruz,Arándano Americano,Goteo,66.4,2024
06310,Santa Cruz,Cerezo,Goteo,887.05,2024
06310,Santa Cruz,Cerezo,Tendido,3.0,2024
06310,Santa Cruz,Ciruelo Europeo,Goteo,938.93,2024
06310,Santa Cruz,Ciruelo Europeo,Surco,10.19,2024
06310,Santa Cruz,Ciruelo Europeo,Tendido,217.22,2024
06310,Santa Cruz,Ciruelo Japonés,Goteo,80.82,2024
06310,Santa Cruz,Damasco,Goteo,5.6,2024
06310,Santa Cruz,Duraznero Consumo Fresco,Goteo,21.39,2024
06310,Santa Cruz,Duraznero Tipo Conservero,Goteo,51.68,2024
06310,Santa Cruz,Kiwi,Goteo,18.61,2024
06310,Santa Cruz,Limonero,Goteo,21.279999999999998,2024
06310,Santa Cruz,Limonero,Surco,1.13,2024
06310,Santa Cruz,Mandarino,Goteo,114.61,2024
06310,Santa Cruz,Manzano Rojo,Goteo,11.0,2024
06310,Santa Cruz,Manzano Verde,Goteo,6.3,2024
06310,Santa Cruz,Manzano Verde,Tendido,2.56,2024
06310,Santa Cruz,Naranjo,Goteo,38.03,2024
06310,Santa Cruz,Nectarino,Goteo,72.14,2024
06310,Santa Cruz,Nogal,Goteo,138.59,2024
06310,Santa Cruz,Olivo,Goteo,1.58,2024
06310,Santa Cruz,Olivo,Surco,0.8200000000000001,2024
06310,Santa Cruz,Palto,Goteo,222.31,2024
06310,Santa Cruz,Peral,Goteo,67.67999999999999,2024
06310,Santa Cruz,Peral,Tendido,52.49,2024
06310,Santa Cruz,Pistacho,Goteo,13.9,2024
06310,Santa Cruz,Pluots,Goteo,4.42,2024
06310,Santa Cruz,Vid de Mesa,Goteo,180.03,2024
06310,Santa Cruz,Vid de Mesa,Surco,3.02,2024
