Fecha,Trimestre,Ocupados_agro,Nota_INE,Territorio
2013-02-01,Ene - Mar,118068.36352840089,,Región de O’Higgins
2013-03-01,Feb - Abr,113763.602093548,,Región de O’Higgins
2013-04-01,Mar - May,101329.4651357137,,Región de O’Higgins
2013-05-01,Abr - Jun,85803.15055385245,,Región de O’Higgins
2013-06-01,May - Jul,84152.1395963635,,Región de O’Higgins
2013-07-01,Jun - Ago,84923.25865409216,,Región de O’Higgins
2013-08-01,Jul - Sep,80743.09297590627,,Región de O’Higgins
2013-09-01,Ago - Oct,76249.82649710264,,Región de O’Higgins
2013-10-01,Sep - Nov,74592.04505738127,,Región de O’Higgins
2013-11-01,Oct - Dic,84041.17534902507,,Región de O’Higgins
2013-12-01,Nov - Ene,92577.04264331242,,Región de O’Higgins
2014-01-01,Dic - Feb,99716.42938996652,,Región de O’Higgins
2014-02-01,Ene - Mar,97660.63517470266,,Región de O’Higgins
2014-03-01,Feb - Abr,97032.13611273371,,Región de O’Higgins
2014-04-01,Mar - May,88750.28225381019,,Región de O’Higgins
2014-05-01,Abr - Jun,77830.39282017708,,Región de O’Higgins
2014-06-01,May - Jul,73277.59216046597,,Región de O’Higgins
2014-07-01,Jun - Ago,74609.72864334699,,Región de O’Higgins
2014-08-01,Jul - Sep,75817.7320839731,,Región de O’Higgins
2014-09-01,Ago - Oct,76559.5761420599,,Región de O’Higgins
2014-10-01,Sep - Nov,86340.20703855343,,Región de O’Higgins
2014-11-01,Oct - Dic,94805.10735585945,,Región de O’Higgins
2014-12-01,Nov - Ene,98036.49228363052,,Región de O’Higgins
2015-01-01,Dic - Feb,99754.95352657647,,Región de O’Higgins
2015-02-01,Ene - Mar,103810.2715417814,,Región de O’Higgins
2015-03-01,Feb - Abr,96993.21286861526,,Región de O’Higgins
2015-04-01,Mar - May,84345.58888480999,,Región de O’Higgins
2015-05-01,Abr - Jun,69676.0536887537,,Región de O’Higgins
2015-06-01,May - Jul,68991.76635695445,,Región de O’Higgins
2015-07-01,Jun - Ago,71096.42415742879,,Región de O’Higgins
2015-08-01,Jul - Sep,72764.39393970599,,Región de O’Higgins
2015-09-01,Ago - Oct,77126.62161213458,,Región de O’Higgins
2015-10-01,Sep - Nov,81277.43656101392,,Región de O’Higgins
2015-11-01,Oct - Dic,95446.31448522677,,Región de O’Higgins
2015-12-01,Nov - Ene,99036.00634596634,,Región de O’Higgins
2016-01-01,Dic - Feb,104841.8579682763,,Región de O’Higgins
2016-02-01,Ene - Mar,102216.20995074061,,Región de O’Higgins
2016-03-01,Feb - Abr,101314.1201751816,,Región de O’Higgins
2016-04-01,Mar - May,92013.13174087719,,Región de O’Higgins
2016-05-01,Abr - Jun,82104.34603031505,,Región de O’Higgins
2016-06-01,May - Jul,79220.83122770283,,Región de O’Higgins
2016-07-01,Jun - Ago,81486.98363395341,,Región de O’Higgins
2016-08-01,Jul - Sep,82114.0742408645,,Región de O’Higgins
2016-09-01,Ago - Oct,81856.72022093974,,Región de O’Higgins
2016-10-01,Sep - Nov,85648.69574883339,,Región de O’Higgins
2016-11-01,Oct - Dic,96647.50107241397,,Región de O’Higgins
2016-12-01,Nov - Ene,98749.07818417437,,Región de O’Higgins
2017-01-01,Dic - Feb,100424.85310282289,,Región de O’Higgins
2017-02-01,Ene - Mar,104423.2968323582,,Región de O’Higgins
2017-03-01,Feb - Abr,102188.0359664164,,Región de O’Higgins
2017-04-01,Mar - May,90891.55864186659,,Región de O’Higgins
2017-05-01,Abr - Jun,75077.58826252223,,Región de O’Higgins
2017-06-01,May - Jul,74855.69750067078,,Región de O’Higgins
2017-07-01,Jun - Ago,78778.68504765381,,Región de O’Higgins
2017-08-01,Jul - Sep,80972.88411655642,,Región de O’Higgins
2017-09-01,Ago - Oct,82948.73671899799,,Región de O’Higgins
2017-10-01,Sep - Nov,90156.05372110114,,Región de O’Higgins
2017-11-01,Oct - Dic,105362.3863161804,,Región de O’Higgins
2017-12-01,Nov - Ene,105586.77308717699,,Región de O’Higgins
2018-01-01,Dic - Feb,103921.1027389503,,Región de O’Higgins
2018-02-01,Ene - Mar,94847.82819406972,,Región de O’Higgins
2018-03-01,Feb - Abr,97384.81339001517,,Región de O’Higgins
2018-04-01,Mar - May,88807.42298632757,,Región de O’Higgins
2018-05-01,Abr - Jun,77715.33129418129,,Región de O’Higgins
2018-06-01,May - Jul,72401.46845976487,,Región de O’Higgins
2018-07-01,Jun - Ago,78429.66833974591,,Región de O’Higgins
2018-08-01,Jul - Sep,72283.1913053062,,Región de O’Higgins
2018-09-01,Ago - Oct,76604.56137581683,,Región de O’Higgins
2018-10-01,Sep - Nov,84307.9519958,,Región de O’Higgins
2018-11-01,Oct - Dic,106330.0946713251,,Región de O’Higgins
2018-12-01,Nov - Ene,111248.8344866557,,Región de O’Higgins
2019-01-01,Dic - Feb,109523.62487910289,,Región de O’Higgins
2019-02-01,Ene - Mar,96152.47249101225,,Región de O’Higgins
2019-03-01,Feb - Abr,89654.83718934849,,Región de O’Higgins
2019-04-01,Mar - May,82172.84224645169,,Región de O’Higgins
2019-05-01,Abr - Jun,78669.62617575182,,Región de O’Higgins
2019-06-01,May - Jul,80173.86525797096,,Región de O’Higgins
2019-07-01,Jun - Ago,85584.95427354636,,Región de O’Higgins
2019-08-01,Jul - Sep,82662.15371997538,,Región de O’Higgins
2019-09-01,Ago - Oct,85025.08102051733,,Región de O’Higgins
2019-10-01,Sep - Nov,93651.85704445462,,Región de O’Higgins
2019-11-01,Oct - Dic,106940.29626847617,,Región de O’Higgins
2019-12-01,Nov - Ene,103520.41953092554,,Región de O’Higgins
2020-01-01,Dic - Feb,94787.08870014737,,Región de O’Higgins
2020-02-01,Ene - Mar,87130.34686922442,,Región de O’Higgins
2020-03-01,Feb - Abr,74329.10277394464,,Región de O’Higgins
2020-04-01,Mar - May,57248.013958175776,,Región de O’Higgins
2020-05-01,Abr - Jun,50753.98407873677,,Región de O’Higgins
2020-06-01,May - Jul,49425.30940277653,,Región de O’Higgins
2020-07-01,Jun - Ago,49217.19175920375,,Región de O’Higgins
2020-08-01,Jul - Sep,57605.901919467695,,Región de O’Higgins
2020-09-01,Ago - Oct,65264.958583536296,,Región de O’Higgins
2020-10-01,Sep - Nov,77638.86724097595,,Región de O’Higgins
2020-11-01,Oct - Dic,86905.38518219315,,Región de O’Higgins
2020-12-01,Nov - Ene,90395.65099447506,,Región de O’Higgins
2021-01-01,Dic - Feb,94671.62270963764,,Región de O’Higgins
2021-02-01,Ene - Mar,87112.16045886121,,Región de O’Higgins
2021-03-01,Feb - Abr,84037.2944723834,,Región de O’Higgins
2021-04-01,Mar - May,71583.97537563063,,Región de O’Higgins
2021-05-01,Abr - Jun,66152.96989999448,,Región de O’Higgins
2021-06-01,May - Jul,67538.4509002071,,Región de O’Higgins
2021-07-01,Jun - Ago,67215.36715814796,,Región de O’Higgins
2021-08-01,Jul - Sep,70571.19494731903,,Región de O’Higgins
2021-09-01,Ago - Oct,68867.64705960925,,Región de O’Higgins
2021-10-01,Sep - Nov,73660.75843753695,,Región de O’Higgins
2021-11-01,Oct - Dic,83720.19738459434,,Región de O’Higgins
2021-12-01,Nov - Ene,86717.23763789533,,Región de O’Higgins
2022-01-01,Dic - Feb,88971.29571722094,,Región de O’Higgins
2022-02-01,Ene - Mar,82966.70000719714,,Región de O’Higgins
2022-03-01,Feb - Abr,84050.82579573835,,Región de O’Higgins
2022-04-01,Mar - May,79353.61721809297,,Región de O’Higgins
2022-05-01,Abr - Jun,71564.69939750303,,Región de O’Higgins
2022-06-01,May - Jul,71603.2447216082,,Región de O’Higgins
2022-07-01,Jun - Ago,72233.68054825184,,Región de O’Higgins
2022-08-01,Jul - Sep,76221.58926712582,,Región de O’Higgins
2022-09-01,Ago - Oct,75580.14253955822,,Región de O’Higgins
2022-10-01,Sep - Nov,77760.36787743596,,Región de O’Higgins
2022-11-01,Oct - Dic,85748.60264097009,,Región de O’Higgins
2022-12-01,Nov - Ene,88295.7554602075,,Región de O’Higgins
2023-01-01,Dic - Feb,91207.08981840813,,Región de O’Higgins
2023-02-01,Ene - Mar,87613.30123431033,,Región de O’Higgins
2023-03-01,Feb - Abr,86167.14940726498,,Región de O’Higgins
2023-04-01,Mar - May,76128.34273550846,,Región de O’Higgins
2023-05-01,Abr - Jun,70473.94489129752,,Región de O’Higgins
2023-06-01,May - Jul,66328.50749686483,,Región de O’Higgins
2023-07-01,Jun - Ago,68216.69410641344,,Región de O’Higgins
2023-08-01,Jul - Sep,70782.8419341101,,Región de O’Higgins
2023-09-01,Ago - Oct,75485.74291673074,,Región de O’Higgins
2023-10-01,Sep - Nov,80835.4027509278,,Región de O’Higgins
2023-11-01,Oct - Dic,81962.77596960576,,Región de O’Higgins
2023-12-01,Nov - Ene,83369.42987598883,,Región de O’Higgins
2024-01-01,Dic - Feb,79763.58982863498,,Región de O’Higgins
2024-02-01,Ene - Mar,79147.12401076006,,Región de O’Higgins
2024-03-01,Feb - Abr,74999.74566380684,,Región de O’Higgins
2024-04-01,Mar - May,66978.48275144894,,Región de O’Higgins
2024-05-01,Abr - Jun,63217.842785243425,,Región de O’Higgins
2024-06-01,May - Jul,64462.21637871433,,Región de O’Higgins
2024-07-01,Jun - Ago,68815.15884206146,,Región de O’Higgins
2024-08-01,Jul - Sep,70574.79530066761,,Región de O’Higgins
2024-09-01,Ago - Oct,67613.26712338247,,Región de O’Higgins
2024-10-01,Sep - Nov,78171.30749428815,,Región de O’Higgins
2024-11-01,Oct - Dic,86958.58984419229,,Región de O’Higgins
2024-12-01,Nov - Ene,89899.08208120655,,Región de O’Higgins
2025-01-01,Dic - Feb,81213.7173886285,,Región de O’Higgins
2025-02-01,Ene - Mar,77073.46028416579,,Región de O’Higgins
2025-03-01,Feb - Abr,74707.30763972011,,Región de O’Higgins
2025-04-01,Mar - May,70601.85879634196,,Región de O’Higgins
2025-05-01,Abr - Jun,65799.28684472095,,Región de O’Higgins
2025-06-01,May - Jul,63536.13462717268,,Región de O’Higgins
2025-07-01,Jun - Ago,66569.9850970418,,Región de O’Higgins
2025-08-01,Jul - Sep,67475.41284520969,,Región de O’Higgins
2025-09-01,Ago - Oct,70248.41116068776,,Región de O’Higgins
2025-10-01,Sep - Nov,75937.4995292044,,Región de O’Higgins
2025-11-01,Oct - Dic,80832.71357841975,,Región de O’Higgins
2025-12-01,Nov - Ene,81887.33045105783,,Región de O’Higgins
2026-01-01,Dic - Feb,79648.95224173153,,Región de O’Higgins
2026-02-01,Ene - Mar,78852.73487161122,,Región de O’Higgins
2026-03-01,Feb - Abr,73084.37994502726,,Región de O’Higgins
2026-04-01,Mar - May,67079.02004675684,,Región de O’Higgins
2026-05-01,Abr - Jun,63690.10549067328,,Región de O’Higgins
2026-06-01,May - Jul,63797.04268700585,,Región de O’Higgins
2026-07-01,Jun - Ago,67699.49737197398,,Región de O’Higgins
