Temporada,Producto,Toneladas,USD_FOB,USD_kg,Cuota_China_valor,Cambio_valor_unitario
2021-2022,Aceituna,0.9969,2085.2,2.091684221085364,1.0,
2016-2017,Arándanos y mirtilos,106117.86260000001,542779118.94,5.114870443498737,0.11476933302381913,
2017-2018,Arándanos y mirtilos,109277.08849999998,625858373.78,5.727260694541656,0.10005084164937798,0.11972742180035056
2018-2019,Arándanos y mirtilos,110960.79550000001,575535438.61,5.186835909174786,0.11826905836484022,-0.09436008140539498
2019-2020,Arándanos y mirtilos,109137.4217,551834004.03,5.056322528370669,0.09787049389052127,-0.025162427169376556
2020-2021,Arándanos y mirtilos,117792.11319999999,606225928.8699999,5.146574863129291,0.07344311480208497,0.017849402258701463
2021-2022,Arándanos y mirtilos,107216.3303,451267731.45000005,4.208945877809064,0.073396400809726,-0.18218504738705332
2022-2023,Arándanos y mirtilos,87329.86910000001,385794360.31000006,4.417667910027819,0.06746952894563943,0.04959009649404278
2023-2024,Arándanos y mirtilos,86355.2327,475868667.26,5.510594464068881,0.0569433382450346,0.24739898432840324
2024-2025,Arándanos y mirtilos,90801.8084,440143542.67,4.847299304118265,0.026770479645169435,-0.12036726060601022
2016-2017,Cereza,95398.8071,679630698.1999998,7.124100592658246,0.8415326351425251,
2017-2018,Cereza,185219.64589999997,1097776599.9,5.926890717050012,0.8788997632650304,-0.16805066970025961
2018-2019,Cereza,179975.26630000002,1333746255.64,7.410719723102307,0.9083434022303291,0.25035538478611286
2019-2020,Cereza,228948.95669999998,1558840455.5500004,6.80868119260576,0.92008319231358,-0.0812388746291055
2020-2021,Cereza,353290.62330000004,1805813359.8,5.111410382003195,0.9007396884084122,-0.2492804057922119
2021-2022,Cereza,355678.82589999994,2121917313.4699998,5.96582410578071,0.9008599942728285,0.16715811486900511
2022-2023,Cereza,414662.4642,2546745691.1199994,6.141731916905923,0.9092090439079867,0.029485919800210647
2023-2024,Cereza,413690.8107,3046784940.72,7.3648842611818734,0.9251964876010771,0.19915430383880217
2024-2025,Cereza,625330.5825,2845439008.2299995,4.550295616207128,0.9052228353797136,-0.3821633233002193
2016-2017,Chirimoya,336.10350000000005,1435493.12,4.270985336362163,0.0,
2017-2018,Chirimoya,307.864,1467294.5099999998,4.766047702881791,0.0,0.11591291646561852
2018-2019,Chirimoya,264.381,1343353.12,5.081125799509043,0.0,0.06610888439843765
2019-2020,Chirimoya,298.4817,1300689.1,4.357684574967243,0.0,-0.1423781368711048
2020-2021,Chirimoya,269.797,1003565.46,3.7197057787892374,0.0,-0.14640316094535155
2021-2022,Chirimoya,385.1215,1784438.7899999998,4.633443705428026,0.0,0.24564790361892808
2022-2023,Chirimoya,499.4075,2503594.06,5.0131286774828165,0.0,0.08194444482189223
2023-2024,Chirimoya,462.5178,2577224.77,5.572163428088605,0.0,0.1115141434762632
2024-2025,Chirimoya,526.1125,2948037.13,5.603434873719975,0.0,0.005612083355942765
2016-2017,Ciruelo,98754.5734,139879070.87,1.4164313211442623,0.34814322047691193,
2017-2018,Ciruelo,120441.099,173845603.8,1.4434076510710019,0.37751012758137975,0.019045279163233175
2018-2019,Ciruelo,155458.43329999998,213867960.6,1.3757244046534465,0.5612783648061775,-0.046891289766501365
2019-2020,Ciruelo,125697.4943,194189886.02999997,1.544898624363429,0.5490118150310345,0.12297101013672762
2020-2021,Ciruelo,120455.7606,211596346.54999998,1.7566311938592332,0.6362620902728436,0.1370527270571218
2021-2022,Ciruelo,158115.2228,217409818.67000002,1.375008774107739,0.6791240126744731,-0.21724675110265368
2022-2023,Ciruelo,137225.76680000004,293271992.26,2.1371495973305787,0.7214816079075659,0.5542806981122013
2023-2024,Ciruelo,170167.24430000002,309987524.61,1.8216638923969457,0.6226140895922165,-0.1476198509115565
2024-2025,Ciruelo,154037.6356,283636285.51,1.8413440611782539,0.6114431216660592,0.010803402792055605
2016-2017,Damasco,934.2305999999999,1876400.75,2.0084984906296155,0.0,
2017-2018,Damasco,1266.6992000000002,2684449.2,2.119247568799285,0.06584369709808627,0.0551402347008747
2018-2019,Damasco,879.6292,2362302.9099999997,2.685566725161011,0.01931234551118595,0.26722652166711636
2019-2020,Damasco,903.0908,2442160.27,2.704224503228247,0.04038692350031556,0.006947426735828932
2020-2021,Damasco,1023.5712,2604973.17,2.544984823723059,0.0,-0.05888552496846733
2021-2022,Damasco,1035.2085,1812440.8500000003,1.7507978827453603,0.0,-0.3120595979884401
2022-2023,Damasco,729.4706000000001,1998933.39,2.740252163692409,0.0,0.5651447781028398
2023-2024,Damasco,1016.9525,2809409.3600000003,2.7625767771847753,0.060402984490661754,0.00814691939236889
2024-2025,Damasco,1403.1703,3521443.81,2.5096339410832744,0.0,-0.09156047288548641
2016-2017,Durazno,26241.2077,36117113.63,1.3763510446205571,6.506970695598191e-05,
2017-2018,Durazno,31266.598100000003,45637258.370000005,1.4596170080300486,0.0004709573004089289,0.06049762067238218
2018-2019,Durazno,29515.984999999997,41305975.89000001,1.399444263506707,0.0,-0.04122502286031382
2019-2020,Durazno,28982.878299999997,41436021.41,1.429672408002348,0.0009922550138966155,0.02160010604487783
2020-2021,Durazno,26987.309400000002,40776166.809999995,1.5109385750770692,0.004251568834505659,0.05684250924886536
2021-2022,Durazno,26793.8831,35584811.599999994,1.328094605294445,0.0030306879578926873,-0.12101350299650526
2022-2023,Durazno,22805.1357,34535222.81,1.514361644864056,0.008145501523115843,0.14025133362266384
2023-2024,Durazno,22312.9561,40552568.83,1.8174449251930362,0.011051371415673646,0.2001393005144343
2024-2025,Durazno,24775.7741,38630448.56,1.559202485624859,0.0012964524582781596,-0.14209092995802808
2016-2017,Frambuesa,88.0,311300.0,3.5375,0.0,
2017-2018,Frambuesa,209.85299999999998,769422.6499999999,3.666483919696168,0.0,0.03646188542647866
2018-2019,Frambuesa,0.005,150.0,30.0,0.0,7.1822259846392615
2019-2020,Frambuesa,0.0015,36.0,24.0,0.0,-0.19999999999999996
2021-2022,Frambuesa,35.516,162126.0,4.564872170289447,0.0,-0.8097969929046064
2022-2023,Frambuesa,0.008,96.0,12.0,0.0,1.6287702157581143
2024-2025,Frambuesa,8.6248,93986.4,10.897226602355994,0.0,-0.09189778313700048
2016-2017,Frutilla,23.070600000000002,138753.7,6.014308253794873,0.0,
2017-2018,Frutilla,7.388799999999999,47994.64,6.495593330446082,0.0,0.08002334704868685
2018-2019,Frutilla,0.315,3480.0,11.047619047619047,0.0,0.7007867465835269
2019-2020,Frutilla,0.256,2333.97,9.117070312499997,0.0,-0.17474794585129327
2020-2021,Frutilla,0.028,222.0,7.928571428571429,0.0,-0.13035973653719357
2021-2022,Frutilla,0.01,100.0,10.0,0.0,0.26126126126126126
2022-2023,Frutilla,24.0092,46959.67,1.9559031537910467,0.0,-0.8044096846208953
2024-2025,Frutilla,23.8,65212.0,2.74,0.0,0.4008873571726548
2016-2017,Higo,96.57900000000001,634975.9,6.574678760393046,0.0,
2017-2018,Higo,95.8726,604282.2,6.30297081752242,0.0,-0.041326421072834796
2018-2019,Higo,81.6506,531077.53,6.5042697787891335,0.0,0.03193715584198764
2019-2020,Higo,22.834400000000002,128970.44,5.648076586203272,0.0,-0.13163555967158147
2020-2021,Higo,90.1615,600857.35,6.664234179777399,0.0,0.17991214851022486
2021-2022,Higo,78.755,561775.65,7.133206145641548,0.0,0.07037147153190437
2022-2023,Higo,92.60600000000001,717496.9,7.747844632097272,0.0,0.08616581014292901
2023-2024,Higo,120.271,969558.4,8.061447896832986,0.0,0.04047619430009464
2024-2025,Higo,103.997,822551.7100000001,7.909379212861911,0.0,-0.01886369370827501
2016-2017,Kiwi,183722.1887,206217724.17000002,1.1224432151019763,0.10958800452753537,
2017-2018,Kiwi,173426.9098,198104500.86,1.1422938982679147,0.08997162761383211,0.017685244918278498
2018-2019,Kiwi,165553.6298,198132509.04,1.1967874656650987,0.14619146196827468,0.04770538254630785
2019-2020,Kiwi,145833.51270000002,203985385.13,1.3987552062167392,0.06173072591438355,0.1687582351469561
2020-2021,Kiwi,141366.5001,235249636.16,1.664111624703086,0.03064514618461206,0.1897089764577644
2021-2022,Kiwi,132798.74959999998,186610181.24,1.4052103788784474,0.025855691302258767,-0.1555792544089898
2022-2023,Kiwi,140111.54739999998,251102638.14000002,1.7921623363642907,0.03821681214137482,0.275369413222442
2023-2024,Kiwi,130324.3332,262170170.81,2.011674753076734,0.0,0.12248467243082573
2024-2025,Kiwi,154152.0294,327677787.42999995,2.125679361506998,0.00012599917230831506,0.05667149138095051
2016-2017,Limón,85486.1802,107223823.60999998,1.2542825443731778,0.0,
2017-2018,Limón,82244.2823,125013704.51000002,1.5200291255991665,0.0,0.21187138609091805
2018-2019,Limón,97573.94099999999,100493242.35000001,1.0299188627627536,1.671754200296235e-06,-0.3224347840329841
2019-2020,Limón,80054.3757,88424850.14999999,1.104559861679116,0.05243455942684456,0.07247269820472857
2020-2021,Limón,98047.8479,89908246.16000001,0.9169833717482342,0.07809135713208532,-0.16982012151494807
2021-2022,Limón,73147.14820000001,56544651.24999999,0.7730260528461721,0.04756435861826985,-0.1569901083676214
2022-2023,Limón,62833.99659999999,68292250.42000002,1.0868678440868111,0.009915602514713556,0.4059912212339003
2023-2024,Limón,83280.96340000002,84698212.77999999,1.0170176871416927,0.0009775885143535376,-0.06426738754407324
2024-2025,Limón,124881.25,123266334.88,0.9870683940143136,0.06208865873598529,-0.029448153661467802
2016-2017,Mandarina,115414.33829999999,170731092.53,1.479288405970959,0.0,
2017-2018,Mandarina,125423.6533,180956793.81,1.4427644949646832,0.0,-0.024690189457885148
2018-2019,Mandarina,163820.0792,202985046.30000004,1.2390730568026733,1.4089707848592388e-06,-0.14118134932825332
2019-2020,Mandarina,158161.34120000002,222171310.59000003,1.4047131170255909,0.0012626136077383617,0.133680624652059
2020-2021,Mandarina,178523.02610000002,196940357.60000002,1.1031650196747367,0.004844705024542922,-0.21466881293837925
2021-2022,Mandarina,164585.59429999997,192256508.86,1.1681247661904275,0.0015044029027418593,0.05888488608426323
2022-2023,Mandarina,183108.2493,209168713.0,1.1423227178438216,0.00028072238509207635,-0.02208843532249849
2023-2024,Mandarina,212918.2059,274843355.01,1.2908400850375568,0.00014407395804988358,0.130013493449616
2024-2025,Mandarina,211593.56660000002,245829752.23,1.1618016378291909,0.0,-0.09996470415203407
2016-2017,Mangos y guayabas,26.788,31972.18,1.193526205763775,0.0,
2017-2018,Mangos y guayabas,8.367,20661.0,2.4693438508425958,0.0,1.0689481629457687
2018-2019,Mangos y guayabas,8.465,37337.979999999996,4.4108659184878904,0.0,0.7862501882768589
2019-2020,Mangos y guayabas,0.547,1877.5,3.43235831809872,0.0,-0.22184025052491674
2021-2022,Mangos y guayabas,0.04,189.0,4.725,0.0,0.3766045272969374
2022-2023,Mangos y guayabas,0.19,943.8499999999999,4.967631578947368,0.0,0.0513505987190197
2023-2024,Mangos y guayabas,0.094,740.0,7.872340425531915,0.0,0.5847271079631975
2016-2017,Manzana,718407.0650000001,669498300.38,0.9319205405921223,0.021197500295288205,
2017-2018,Manzana,772818.5435,742440075.3599999,0.960691331237447,0.019632572666463722,0.030872579143973455
2018-2019,Manzana,710397.7539,647062576.53,0.910845470692584,0.0628140658635596,-0.051885406814962676
2019-2020,Manzana,622847.7649,559240005.5799999,0.8978759130167024,0.02462567136218575,-0.014239031859070272
2020-2021,Manzana,638738.5307,601778349.61,0.9421356637911057,0.014438011529711603,0.049293839084844526
2021-2022,Manzana,595095.0530999999,508775370.74,0.8549480760924848,0.022935165067106092,-0.09254249791137559
2022-2023,Manzana,523785.3707,547031534.99,1.044381087350594,0.01977502251346031,0.22157253353198625
2023-2024,Manzana,496779.96129999997,540018444.2900001,1.0870374941792165,0.017388446726751706,0.04084371820331789
2024-2025,Manzana,578304.5292999999,633194477.02,1.0949152997062652,0.015484276199222623,0.007247041219122785
2016-2017,Membrillo,378.9942,768600.8200000001,2.0280015366989788,0.0,
2017-2018,Membrillo,475.08579999999995,888574.08,1.870344430416569,0.0,-0.07774013156766713
2018-2019,Membrillo,424.29640000000006,698385.47,1.6459849058346945,0.0,-0.11995626096093137
2019-2020,Membrillo,415.41279999999995,700865.92,1.6871553307938516,0.0,0.025012638216314054
2020-2021,Membrillo,329.24080000000004,586245.54,1.7805980911235788,0.0,0.055384799860579426
2021-2022,Membrillo,399.8995,279748.29,0.6995464860546211,0.0,-0.607128363474096
2022-2023,Membrillo,382.6712,638240.79,1.6678568703367278,0.0,1.3841973386833657
2023-2024,Membrillo,312.6764,594952.8400000001,1.9027750095626024,0.0,0.1408502992096956
2024-2025,Membrillo,291.7546,482086.85,1.6523710337386284,0.0,-0.13159936123059301
2016-2017,Mora,697.4079999999999,1421946.05,2.038901260094522,0.0,
2019-2020,Mora,213.7339,643458.0,3.0105565846129227,0.0,0.4765583030113756
2020-2021,Mora,464.528,1605400.0,3.455981124926807,0.0,0.14795421636997874
2021-2022,Mora,147.03,738000.0,5.019383799224648,0.0,0.4523759296662684
2022-2023,Mora,228.767,1071547.9000000001,4.6840143027622,0.0,-0.06681487407164466
2023-2024,Mora,105.763,481597.9,4.553557482295321,0.0,-0.027851499170262528
2016-2017,Naranja,83159.7757,80462152.01,0.9675609551938703,0.0,
2017-2018,Naranja,84231.07100000001,71210716.29999998,0.8454210002862241,0.0,-0.12623489429993895
2018-2019,Naranja,93113.3598,74593543.17,0.8011046248381642,1.9304619928272003e-06,-0.052419298116626156
2019-2020,Naranja,98903.95240000001,96099327.13000001,0.9716429404291431,0.0009553293736990183,0.21287895526184264
2020-2021,Naranja,86659.7706,103496059.35,1.1942803290780923,0.005750990653539313,0.22913498301198754
2021-2022,Naranja,100899.3946,90360174.26,0.895547239091165,-8.088629819337845e-05,-0.2501364903309846
2022-2023,Naranja,94636.921,98337369.66000001,1.0391015326882838,0.0,0.16029784620050092
2023-2024,Naranja,103661.07149999999,112451605.97999999,1.0848007294618789,0.0,0.04397952975332986
2024-2025,Naranja,116449.43070000001,115026461.16999999,0.9877803650782466,0.0,-0.08943611646699368
2016-2017,Nectarín,61508.182,78968437.35,1.283868824963807,0.061029753047278715,
2017-2018,Nectarín,66028.04740000001,96879377.37000002,1.467245832412727,0.2507745347827063,0.14283157584583428
2018-2019,Nectarín,67059.1987,102711316.02,1.5316514066846432,0.38003213056290075,0.04389555781937915
2019-2020,Nectarín,73116.23300000001,97958773.93,1.3397677904166645,0.3857160075012792,-0.1252789083929502
2020-2021,Nectarín,72093.4881,103563506.16000001,1.4365167907585263,0.4060256861624199,0.07221326041266685
2021-2022,Nectarín,84793.72260000002,87644252.11000001,1.0336172233344074,0.35574528037352654,-0.28046979333348077
2022-2023,Nectarín,81112.8745,124866129.27999999,1.5394119620307622,0.500633872936211,0.489344340707367
2023-2024,Nectarín,92685.81349999999,130738023.50000001,1.4105505315546487,0.4271067232403127,-0.08370821693896813
2024-2025,Nectarín,116416.1497,136381504.72000003,1.1714998741278593,0.4221105058797447,-0.1694733028552462
2016-2017,Otros berries,382.7042,3533263.7600000002,9.232362121973054,0.0,
2017-2018,Otros berries,456.8075,7054095.590000001,15.442162376931202,0.0,0.6726122928149452
2018-2019,Otros berries,353.2639,3651755.8599999994,10.33718944958712,0.0,-0.33058666284783533
2019-2020,Otros berries,471.61289999999997,2065343.31,4.379318949926943,0.0,-0.5763530337444035
2020-2021,Otros berries,369.91670000000005,2478347.62,6.699745158842517,0.0,0.5298600616779201
2021-2022,Otros berries,433.0155,4626067.989999999,10.683377361780352,0.0029119762245431247,0.5945945865836586
2022-2023,Otros berries,510.33880000000005,4337596.470000001,8.499444819794224,0.0,-0.20442342042499773
2023-2024,Otros berries,451.40549999999996,4997530.46,11.071044681555719,0.0,0.3025609220701728
2024-2025,Otros berries,929.7863000000001,10321454.760000002,11.100889268856726,0.0,0.002695733614979323
2016-2017,Otros cítricos,0.524,3406.0,6.5,0.0,
2017-2018,Otros cítricos,24.0,20196.76,0.8415316666666667,0.0,-0.8705335897435897
2018-2019,Otros cítricos,120.44000000000001,124225.51999999999,1.0314307539023577,0.0,0.2256588726932729
2019-2020,Otros cítricos,25.26,102435.46,4.05524386381631,0.0,2.9316685569763483
2020-2021,Otros cítricos,96.0,161463.35,1.6819098958333334,0.0,-0.5852506156681485
2016-2017,Otros frutos,5311.2636999999995,10879888.72,2.0484557601611835,0.0,
2017-2018,Otros frutos,6022.140799999999,12090724.620000001,2.0077120448595296,0.0,-0.01988996594119663
2018-2019,Otros frutos,3987.4228000000003,8989881.920000002,2.254559491408837,0.0001932728388939729,0.12294962675615095
2019-2020,Otros frutos,3684.9329,8285700.78,2.248535049308497,0.0,-0.0026721149401011113
2020-2021,Otros frutos,3929.8830000000003,10359623.31,2.6361149454067716,0.0002895230753327458,0.1723699598178241
2021-2022,Otros frutos,2444.6217,7805806.07,3.193052761496799,0.0,0.21127220459807683
2022-2023,Otros frutos,3638.8629,10415308.55,2.8622426390397946,0.0,-0.1036030868158695
2023-2024,Otros frutos,1734.0564999999997,5982100.21,3.4497723747755633,0.0,0.20526901797985553
2024-2025,Otros frutos,3464.4499,9631287.34,2.7800336613324963,0.0,-0.19413997234720137
2016-2017,Palta,158769.89890000003,411985662.09,2.594860014047662,0.09685678013057379,
2017-2018,Palta,149146.26909999998,439402597.24999994,2.946118598215743,0.08399048390012674,0.13536706499252005
2018-2019,Palta,152794.05409999998,359947202.38,2.3557670781117133,0.0815753490118847,-0.20038280891392635
2019-2020,Palta,126848.8442,339993027.76,2.680300556967944,0.06944251897031901,0.1377612760920166
2020-2021,Palta,74282.20079999999,236097203.28,3.1783819103001054,0.0504792306915462,0.1858304107117037
2021-2022,Palta,126520.84150000001,304822159.72999996,2.4092644035251687,0.07819745513617944,-0.2419839806797529
2022-2023,Palta,88635.0709,211712119.56,2.3885818266999324,0.0870358478687747,-0.008584602335457325
2023-2024,Palta,91142.7103,274066016.46000004,3.00699875566461,0.08700990220537026,0.25890548192735907
2024-2025,Palta,133055.35080000004,378840161.09999996,2.847237325084711,0.06260118198962512,-0.053129862551136386
2017-2018,Papaya,0.62,930.0,1.5,0.0,
2023-2024,Papaya,1.151,4882.7,4.2421372719374455,0.0,1.8280915146249637
2016-2017,Pera,153133.5368,140801719.24,0.9194701708215232,0.0,
2017-2018,Pera,129412.82590000003,129321614.38000001,0.9992951894886332,0.00026854002841284353,0.08681632226936564
2018-2019,Pera,130704.39800000002,128370165.83999999,0.9821411352967631,0.011234510297334367,-0.017166153076998536
2019-2020,Pera,115260.16829999999,124043588.0,1.0762051611545322,0.021865871051714496,0.09577444878056851
2020-2021,Pera,121233.4071,126685446.04999998,1.0449714239698207,0.031192488270834016,-0.029022103138034216
2021-2022,Pera,117686.26500000001,125950650.26,1.0702238724289532,0.03548472969987825,0.024165683271222038
2022-2023,Pera,108429.8171,122719859.51999998,1.1317907085172052,0.05472098237617018,0.05752706295788501
2023-2024,Pera,101463.84509999999,114742212.26,1.130867967273596,0.01767329956481005,-0.0008152931780277539
2024-2025,Pera,109987.4099,121662386.19,1.1061482973425307,0.009200535309671623,-0.021859023905913433
2016-2017,Piña,2.3495999999999997,56282.86,23.954230507320396,0.0,
2017-2018,Piña,1.6430000000000002,15184.76,9.242093730979914,0.0,-0.614176972699852
2018-2019,Piña,4.287000000000001,94970.54,22.153146722649865,0.0,1.3969835588651867
2019-2020,Piña,6.636,174098.77,26.23549879445449,0.0,0.1842786545367272
2020-2021,Piña,1.076,6232.28,5.792081784386617,0.0,-0.7792273045858418
2021-2022,Piña,0.2064,6575.58,31.85843023255814,0.0,4.500341918243814
2022-2023,Piña,0.094,686.64,7.3046808510638295,0.0,-0.7707143510291754
2016-2017,Plumcots,719.2123000000001,958860.8099999999,1.3332096934382236,0.0,
2017-2018,Plumcots,1001.7103,1791289.5,1.7882310883695616,0.0,0.34129769470688465
2018-2019,Plumcots,415.82120000000003,527939.1599999999,1.2696302160640196,0.07691799183830197,-0.29000774881862823
2019-2020,Plumcots,256.7352,302273.25,1.177373612967758,0.04663330281458912,-0.07266415207277133
2020-2021,Plumcots,229.3637,284324.96,1.239624927571364,0.0,0.0528730336045935
2021-2022,Plumcots,40.542,69152.76,1.7057066745597156,0.0,0.37598610403994126
2022-2023,Plumcots,151.26600000000002,247150.07,1.6338772096836034,0.0,-0.04211126446735225
2023-2024,Plumcots,50.112,75107.0,1.4987827266922096,0.0,-0.08268337558705197
2024-2025,Plumcots,430.1549,869329.49,2.020968469730323,0.0,0.3484065660341371
2016-2017,Plátano,38.0924,560784.9700000001,14.721702229316088,0.0,
2017-2018,Plátano,38.900400000000005,437857.89,11.255871147854519,0.0,-0.23542325659595809
2018-2019,Plátano,32.7066,390394.73000000004,11.936267603480644,0.0,0.06044813828166595
2019-2020,Plátano,28.935,382542.11,13.22073993433558,0.0,0.10761088587527823
2020-2021,Plátano,30.1716,160363.22,5.315038645613756,0.0,-0.5979772182183185
2021-2022,Plátano,18.375999999999998,267689.7,14.567354157596869,0.0,1.74078047760172
2022-2023,Plátano,28.5755,359809.36999999994,12.591533656453953,0.0,-0.13563344995717885
2023-2024,Plátano,2.18,5770.0,2.646788990825688,0.0,-0.7897961389739809
2024-2025,Plátano,0.204,3382.94,16.583039215686277,0.0,5.265342372650967
2016-2017,Pomelo,1586.43,1248741.7300000002,0.7871395082039548,0.0,
2017-2018,Pomelo,2440.2989000000007,2311033.69,0.9470289438724081,0.0,0.20312718902050642
2018-2019,Pomelo,1042.9236,801978.94,0.768971897845633,0.0,-0.18801647740426874
2019-2020,Pomelo,1833.1924999999999,1183795.64,0.6457563185535616,0.0,-0.16023417713608856
2020-2021,Pomelo,2053.9199,1478342.2600000002,0.7197662674187053,0.12215797713852812,0.11460971691445399
2021-2022,Pomelo,982.5215,840773.63,0.8557305158207734,0.0,0.18890055641211978
2022-2023,Pomelo,789.1581000000001,781951.9400000001,0.9908685471263616,0.0,0.15792124834530497
2023-2024,Pomelo,849.2214,898915.5299999999,1.0585172841852548,0.0,0.06827216108038003
2024-2025,Pomelo,1410.4994999999997,1371434.6300000001,0.9723042298136231,0.0,-0.0814469972854438
2016-2017,Uva,731029.7302,1278764864.7,1.7492651965743542,0.1452247281000854,
2017-2018,Uva,728835.4815999999,1243098341.83,1.7055952587558547,0.1627943716762475,-0.024964732565433634
2018-2019,Uva,654491.437,1254493257.66,1.9167451042755201,0.1640860907646179,0.12379833048650046
2019-2020,Uva,604734.598,1035463325.12,1.7122607645478225,0.1487847514272375,-0.10668311570045064
2020-2021,Uva,525436.4835999999,916635855.32,1.7445226662597133,0.1488256192666343,0.018841698869628942
2021-2022,Uva,608132.6487,870699896.71,1.4317598283389124,0.11862627282980097,-0.17928275967395135
2022-2023,Uva,496405.11840000004,897541897.98,1.8080834880851624,0.13091242136377487,0.26283993467176003
2023-2024,Uva,528083.1185,1357609097.98,2.5708246494154876,0.048425082940161984,0.42185063154251834
2024-2025,Uva,556973.2311,983876871.36,1.7664706603886193,0.06167028203044189,-0.3128778110983762
