Anio,CUT,Comuna,Sector,Empresas,Ventas_UF_observadas,Celdas_ventas_suprimidas
2021,06301,San Fernando,Comercio agroalimentario potencial,68,485945.0,3
2021,06301,San Fernando,Otros sectores,5200,26620624.0,261
2021,06301,San Fernando,Procesamiento frutas y hortalizas,2,,1
2021,06301,San Fernando,Producción agropecuaria,524,4335556.0,16
2021,06301,San Fernando,Servicios agrícolas,185,1516051.0,2
2021,06301,San Fernando,Transporte y almacenamiento potencial,400,996730.0,2
2021,06302,Chépica,Comercio agroalimentario potencial,14,15156.0,2
2021,06302,Chépica,Otros sectores,750,241791.0,144
2021,06302,Chépica,Procesamiento frutas y hortalizas,1,,1
2021,06302,Chépica,Producción agropecuaria,521,1234216.0,17
2021,06302,Chépica,Servicios agrícolas,72,307890.0,2
2021,06302,Chépica,Transporte y almacenamiento potencial,118,133419.0,0
2021,06303,Chimbarongo,Comercio agroalimentario potencial,24,13787.0,3
2021,06303,Chimbarongo,Otros sectores,1768,1546371.0,206
2021,06303,Chimbarongo,Producción agropecuaria,1087,4242889.0,19
2021,06303,Chimbarongo,Servicios agrícolas,152,651470.0,1
2021,06303,Chimbarongo,Transporte y almacenamiento potencial,212,467335.0,1
2021,06304,Lolol,Comercio agroalimentario potencial,2,,1
2021,06304,Lolol,Otros sectores,476,688605.0,115
2021,06304,Lolol,Procesamiento frutas y hortalizas,1,,1
2021,06304,Lolol,Producción agropecuaria,201,740955.0,19
2021,06304,Lolol,Servicios agrícolas,67,368970.0,1
2021,06304,Lolol,Transporte y almacenamiento potencial,31,36682.0,0
2021,06305,Nancagua,Comercio agroalimentario potencial,14,,3
2021,06305,Nancagua,Otros sectores,1026,2661018.0,173
2021,06305,Nancagua,Procesamiento frutas y hortalizas,2,,1
2021,06305,Nancagua,Producción agropecuaria,289,2229043.0,18
2021,06305,Nancagua,Servicios agrícolas,68,950845.0,1
2021,06305,Nancagua,Transporte y almacenamiento potencial,109,257803.0,0
2021,06306,Palmilla,Comercio agroalimentario potencial,15,,4
2021,06306,Palmilla,Otros sectores,706,4457242.0,135
2021,06306,Palmilla,Procesamiento frutas y hortalizas,1,,1
2021,06306,Palmilla,Producción agropecuaria,451,1297456.0,18
2021,06306,Palmilla,Servicios agrícolas,101,404205.0,2
2021,06306,Palmilla,Transporte y almacenamiento potencial,83,170183.0,0
2021,06307,Peralillo,Comercio agroalimentario potencial,11,,4
2021,06307,Peralillo,Otros sectores,727,517508.0,154
2021,06307,Peralillo,Procesamiento frutas y hortalizas,1,,1
2021,06307,Peralillo,Producción agropecuaria,264,807419.0,20
2021,06307,Peralillo,Servicios agrícolas,78,271076.0,2
2021,06307,Peralillo,Transporte y almacenamiento potencial,66,93892.0,1
2021,06308,Placilla,Comercio agroalimentario potencial,11,,3
2021,06308,Placilla,Otros sectores,382,127176.0,122
2021,06308,Placilla,Procesamiento frutas y hortalizas,1,,1
2021,06308,Placilla,Producción agropecuaria,338,1302844.0,17
2021,06308,Placilla,Servicios agrícolas,57,187077.0,1
2021,06308,Placilla,Transporte y almacenamiento potencial,67,83706.0,0
2021,06309,Pumanque,Comercio agroalimentario potencial,2,,2
2021,06309,Pumanque,Otros sectores,216,67803.0,66
2021,06309,Pumanque,Producción agropecuaria,119,6256.0,24
2021,06309,Pumanque,Servicios agrícolas,15,17406.0,0
2021,06309,Pumanque,Transporte y almacenamiento potencial,13,13650.0,0
2021,06310,Santa Cruz,Comercio agroalimentario potencial,40,528564.0,4
2021,06310,Santa Cruz,Otros sectores,3415,14259617.0,236
2021,06310,Santa Cruz,Procesamiento frutas y hortalizas,5,,1
2021,06310,Santa Cruz,Producción agropecuaria,490,1782455.0,21
2021,06310,Santa Cruz,Servicios agrícolas,219,1391498.0,2
2021,06310,Santa Cruz,Transporte y almacenamiento potencial,226,476064.0,0
2022,06301,San Fernando,Comercio agroalimentario potencial,73,711092.0,3
2022,06301,San Fernando,Otros sectores,5447,29228201.0,240
2022,06301,San Fernando,Procesamiento frutas y hortalizas,3,,1
2022,06301,San Fernando,Producción agropecuaria,545,4203482.0,18
2022,06301,San Fernando,Servicios agrícolas,177,2169263.0,2
2022,06301,San Fernando,Transporte y almacenamiento potencial,423,943922.0,2
2022,06302,Chépica,Comercio agroalimentario potencial,16,23936.0,2
2022,06302,Chépica,Otros sectores,779,240758.0,148
2022,06302,Chépica,Procesamiento frutas y hortalizas,1,,1
2022,06302,Chépica,Producción agropecuaria,577,1786304.0,20
2022,06302,Chépica,Servicios agrícolas,82,384155.0,1
2022,06302,Chépica,Transporte y almacenamiento potencial,124,155530.0,0
2022,06303,Chimbarongo,Comercio agroalimentario potencial,43,107225.0,3
2022,06303,Chimbarongo,Otros sectores,1789,1562614.0,208
2022,06303,Chimbarongo,Producción agropecuaria,1112,3980709.0,18
2022,06303,Chimbarongo,Servicios agrícolas,168,663765.0,2
2022,06303,Chimbarongo,Transporte y almacenamiento potencial,199,433592.0,1
2022,06304,Lolol,Comercio agroalimentario potencial,1,,1
2022,06304,Lolol,Otros sectores,516,667978.0,125
2022,06304,Lolol,Producción agropecuaria,227,1029920.0,19
2022,06304,Lolol,Servicios agrícolas,76,509909.0,1
2022,06304,Lolol,Transporte y almacenamiento potencial,32,45414.0,0
2022,06305,Nancagua,Comercio agroalimentario potencial,12,,3
2022,06305,Nancagua,Otros sectores,1062,3178752.0,183
2022,06305,Nancagua,Procesamiento frutas y hortalizas,3,,1
2022,06305,Nancagua,Producción agropecuaria,307,1907793.0,24
2022,06305,Nancagua,Servicios agrícolas,73,369598.0,0
2022,06305,Nancagua,Transporte y almacenamiento potencial,104,200596.0,0
2022,06306,Palmilla,Comercio agroalimentario potencial,15,,3
2022,06306,Palmilla,Otros sectores,703,3907092.0,132
2022,06306,Palmilla,Procesamiento frutas y hortalizas,1,,1
2022,06306,Palmilla,Producción agropecuaria,495,1398201.0,18
2022,06306,Palmilla,Servicios agrícolas,100,381919.0,2
2022,06306,Palmilla,Transporte y almacenamiento potencial,83,325015.0,1
2022,06307,Peralillo,Comercio agroalimentario potencial,15,,4
2022,06307,Peralillo,Otros sectores,736,552543.0,151
2022,06307,Peralillo,Procesamiento frutas y hortalizas,1,,1
2022,06307,Peralillo,Producción agropecuaria,282,941257.0,22
2022,06307,Peralillo,Servicios agrícolas,90,279349.0,2
2022,06307,Peralillo,Transporte y almacenamiento potencial,62,99713.0,0
2022,06308,Placilla,Comercio agroalimentario potencial,14,,3
2022,06308,Placilla,Otros sectores,397,97249.0,120
2022,06308,Placilla,Procesamiento frutas y hortalizas,1,,1
2022,06308,Placilla,Producción agropecuaria,356,881424.0,19
2022,06308,Placilla,Servicios agrícolas,57,231145.0,2
2022,06308,Placilla,Transporte y almacenamiento potencial,61,80079.0,0
2022,06309,Pumanque,Comercio agroalimentario potencial,2,,2
2022,06309,Pumanque,Otros sectores,238,63064.0,79
2022,06309,Pumanque,Producción agropecuaria,121,54867.0,21
2022,06309,Pumanque,Servicios agrícolas,19,15800.0,0
2022,06309,Pumanque,Transporte y almacenamiento potencial,12,5922.0,0
2022,06310,Santa Cruz,Comercio agroalimentario potencial,44,294253.0,4
2022,06310,Santa Cruz,Otros sectores,3541,13344421.0,234
2022,06310,Santa Cruz,Procesamiento frutas y hortalizas,4,,1
2022,06310,Santa Cruz,Producción agropecuaria,541,2510972.0,22
2022,06310,Santa Cruz,Servicios agrícolas,232,1437203.0,2
2022,06310,Santa Cruz,Transporte y almacenamiento potencial,227,578353.0,1
2023,06301,San Fernando,Comercio agroalimentario potencial,73,380332.0,3
2023,06301,San Fernando,Otros sectores,5528,24119906.0,245
2023,06301,San Fernando,Procesamiento frutas y hortalizas,4,,1
2023,06301,San Fernando,Producción agropecuaria,525,4186655.0,17
2023,06301,San Fernando,Servicios agrícolas,180,1768546.0,1
2023,06301,San Fernando,Transporte y almacenamiento potencial,436,955557.0,2
2023,06302,Chépica,Comercio agroalimentario potencial,20,18635.0,3
2023,06302,Chépica,Otros sectores,807,322380.0,152
2023,06302,Chépica,Procesamiento frutas y hortalizas,1,,1
2023,06302,Chépica,Producción agropecuaria,561,1391208.0,18
2023,06302,Chépica,Servicios agrícolas,86,389816.0,1
2023,06302,Chépica,Transporte y almacenamiento potencial,129,129061.0,0
2023,06303,Chimbarongo,Comercio agroalimentario potencial,34,122846.0,2
2023,06303,Chimbarongo,Otros sectores,1805,1447584.0,192
2023,06303,Chimbarongo,Producción agropecuaria,1082,3987847.0,20
2023,06303,Chimbarongo,Servicios agrícolas,168,716442.0,2
2023,06303,Chimbarongo,Transporte y almacenamiento potencial,198,402969.0,1
2023,06304,Lolol,Comercio agroalimentario potencial,3,,3
2023,06304,Lolol,Otros sectores,538,794429.0,128
2023,06304,Lolol,Producción agropecuaria,231,785937.0,19
2023,06304,Lolol,Servicios agrícolas,73,314768.0,1
2023,06304,Lolol,Transporte y almacenamiento potencial,30,35340.0,0
2023,06305,Nancagua,Comercio agroalimentario potencial,15,,4
2023,06305,Nancagua,Otros sectores,1078,1229451.0,175
2023,06305,Nancagua,Procesamiento frutas y hortalizas,2,,1
2023,06305,Nancagua,Producción agropecuaria,303,1455588.0,24
2023,06305,Nancagua,Servicios agrícolas,74,219998.0,1
2023,06305,Nancagua,Transporte y almacenamiento potencial,104,220174.0,0
2023,06306,Palmilla,Comercio agroalimentario potencial,13,,3
2023,06306,Palmilla,Otros sectores,700,2476120.0,137
2023,06306,Palmilla,Procesamiento frutas y hortalizas,1,,1
2023,06306,Palmilla,Producción agropecuaria,500,1140395.0,21
2023,06306,Palmilla,Servicios agrícolas,101,348398.0,2
2023,06306,Palmilla,Transporte y almacenamiento potencial,83,216292.0,1
2023,06307,Peralillo,Comercio agroalimentario potencial,12,,4
2023,06307,Peralillo,Otros sectores,773,592513.0,160
2023,06307,Peralillo,Procesamiento frutas y hortalizas,1,,1
2023,06307,Peralillo,Producción agropecuaria,274,810648.0,20
2023,06307,Peralillo,Servicios agrícolas,100,248226.0,1
2023,06307,Peralillo,Transporte y almacenamiento potencial,69,116970.0,0
2023,06308,Placilla,Comercio agroalimentario potencial,15,,3
2023,06308,Placilla,Otros sectores,407,105748.0,131
2023,06308,Placilla,Procesamiento frutas y hortalizas,1,,1
2023,06308,Placilla,Producción agropecuaria,347,790931.0,19
2023,06308,Placilla,Servicios agrícolas,64,186889.0,1
2023,06308,Placilla,Transporte y almacenamiento potencial,60,71695.0,0
2023,06309,Pumanque,Comercio agroalimentario potencial,3,,3
2023,06309,Pumanque,Otros sectores,278,715685.0,80
2023,06309,Pumanque,Producción agropecuaria,121,75180.0,19
2023,06309,Pumanque,Servicios agrícolas,23,17733.0,0
2023,06309,Pumanque,Transporte y almacenamiento potencial,12,5352.0,0
2023,06310,Santa Cruz,Comercio agroalimentario potencial,41,115603.0,4
2023,06310,Santa Cruz,Otros sectores,3588,11487692.0,243
2023,06310,Santa Cruz,Procesamiento frutas y hortalizas,3,,1
2023,06310,Santa Cruz,Producción agropecuaria,512,1806007.0,21
2023,06310,Santa Cruz,Servicios agrícolas,248,1181071.0,2
2023,06310,Santa Cruz,Transporte y almacenamiento potencial,223,565079.0,0
2024,06301,San Fernando,Comercio agroalimentario potencial,74,758100.0,3
2024,06301,San Fernando,Otros sectores,5679,28434281.0,245
2024,06301,San Fernando,Procesamiento frutas y hortalizas,3,,1
2024,06301,San Fernando,Producción agropecuaria,513,5486189.0,18
2024,06301,San Fernando,Servicios agrícolas,184,1734366.0,1
2024,06301,San Fernando,Transporte y almacenamiento potencial,434,1089189.0,2
2024,06302,Chépica,Comercio agroalimentario potencial,22,44261.0,2
2024,06302,Chépica,Otros sectores,864,360251.0,166
2024,06302,Chépica,Procesamiento frutas y hortalizas,1,,1
2024,06302,Chépica,Producción agropecuaria,566,1506345.0,20
2024,06302,Chépica,Servicios agrícolas,94,370436.0,1
2024,06302,Chépica,Transporte y almacenamiento potencial,128,142466.0,0
2024,06303,Chimbarongo,Comercio agroalimentario potencial,42,218068.0,3
2024,06303,Chimbarongo,Otros sectores,1869,1654662.0,208
2024,06303,Chimbarongo,Producción agropecuaria,1126,5171595.0,21
2024,06303,Chimbarongo,Servicios agrícolas,193,879873.0,1
2024,06303,Chimbarongo,Transporte y almacenamiento potencial,197,428977.0,1
2024,06304,Lolol,Comercio agroalimentario potencial,3,,2
2024,06304,Lolol,Otros sectores,600,1108528.0,130
2024,06304,Lolol,Producción agropecuaria,225,981634.0,18
2024,06304,Lolol,Servicios agrícolas,75,584897.0,1
2024,06304,Lolol,Transporte y almacenamiento potencial,32,46288.0,0
2024,06305,Nancagua,Comercio agroalimentario potencial,16,107136.0,3
2024,06305,Nancagua,Otros sectores,1149,1432568.0,184
2024,06305,Nancagua,Procesamiento frutas y hortalizas,3,,1
2024,06305,Nancagua,Producción agropecuaria,302,1877340.0,22
2024,06305,Nancagua,Servicios agrícolas,80,338222.0,1
2024,06305,Nancagua,Transporte y almacenamiento potencial,117,242758.0,0
2024,06306,Palmilla,Comercio agroalimentario potencial,12,,3
2024,06306,Palmilla,Otros sectores,749,2027489.0,140
2024,06306,Palmilla,Procesamiento frutas y hortalizas,1,,1
2024,06306,Palmilla,Producción agropecuaria,497,1443702.0,22
2024,06306,Palmilla,Servicios agrícolas,112,403896.0,2
2024,06306,Palmilla,Transporte y almacenamiento potencial,90,247203.0,1
2024,06307,Peralillo,Comercio agroalimentario potencial,6,,4
2024,06307,Peralillo,Otros sectores,826,1865980.0,166
2024,06307,Peralillo,Procesamiento frutas y hortalizas,1,,1
2024,06307,Peralillo,Producción agropecuaria,274,683319.0,20
2024,06307,Peralillo,Servicios agrícolas,103,310275.0,2
2024,06307,Peralillo,Transporte y almacenamiento potencial,78,119066.0,1
2024,06308,Placilla,Comercio agroalimentario potencial,23,73842.0,2
2024,06308,Placilla,Otros sectores,457,150740.0,136
2024,06308,Placilla,Procesamiento frutas y hortalizas,1,,1
2024,06308,Placilla,Producción agropecuaria,330,958961.0,20
2024,06308,Placilla,Servicios agrícolas,58,259277.0,0
2024,06308,Placilla,Transporte y almacenamiento potencial,64,84036.0,0
2024,06309,Pumanque,Comercio agroalimentario potencial,3,,3
2024,06309,Pumanque,Otros sectores,319,1864784.0,86
2024,06309,Pumanque,Producción agropecuaria,125,63694.0,23
2024,06309,Pumanque,Servicios agrícolas,21,21446.0,1
2024,06309,Pumanque,Transporte y almacenamiento potencial,9,,1
2024,06310,Santa Cruz,Comercio agroalimentario potencial,54,417683.0,3
2024,06310,Santa Cruz,Otros sectores,3792,12681945.0,242
2024,06310,Santa Cruz,Procesamiento frutas y hortalizas,3,,1
2024,06310,Santa Cruz,Producción agropecuaria,509,2450790.0,18
2024,06310,Santa Cruz,Servicios agrícolas,273,1629598.0,2
2024,06310,Santa Cruz,Transporte y almacenamiento potencial,222,610849.0,0
