Comuna,Ha_frutales,HHI_cultivos,Cuota_cerezo,Cuota_riego_gravedad,Empresas_total,Empresas_agro,Empresas_red_potencial,PYME_total_comuna,Micro_total_comuna,Dependencia_agro,CUT,Indice_prioridad,Puesto,Mejor_puesto,Peor_puesto,Top3_escenarios,Cluster,Accion
Chimbarongo,8454.92,0.37529249864419856,0.5893207741764558,0.16125049083847037,3427,1319,432,612.0,2017.0,0.3848847388386344,06303,86.53523900868383,1,1,2,5,2,Diagnóstico de riego y continuidad de proveedores
Placilla,2596.61,0.21280899322638513,0.32796993002414687,0.319990295038531,933,388,146,178.0,548.0,0.41586280814576637,06308,71.45871934799291,2,1,3,5,1,Diagnóstico de riego y continuidad de proveedores
Palmilla,3564.26,0.2077551917426853,0.3398882236424952,0.027747695173752758,1461,609,215,226.0,909.0,0.41683778234086244,06306,53.15791056902067,3,3,6,2,1,Diversificación comercial y continuidad de proveedores
Chépica,2374.2,0.21066129134340236,0.31134276809030415,0.07787044056945498,1675,660,245,255.0,1091.0,0.3940298507462687,06302,53.04191385977376,4,4,5,0,1,Diversificación comercial y continuidad de proveedores
San Fernando,5602.16,0.35692146199421754,0.5759367815271252,0.1070462107472832,6887,697,695,1311.0,4087.0,0.10120516915928561,06301,49.073472786152315,5,2,9,2,2,Diagnóstico de riego y continuidad de proveedores
Peralillo,2346.53,0.260023251206875,0.20007841365761356,0.07847332017915815,1288,377,188,203.0,829.0,0.29270186335403725,06307,43.43244652139288,6,5,7,0,1,Diversificación comercial y continuidad de proveedores
Nancagua,2065.73,0.20629111233410297,0.2060385432752586,0.20443620415059083,1667,382,216,260.0,1053.0,0.22915416916616677,06305,38.27165185571713,7,3,7,1,1,Diagnóstico de riego y continuidad de proveedores
Lolol,2876.4,0.24086420749016044,0.04835558336809901,0.0004971492142956473,935,300,110,200.0,553.0,0.32085561497326204,06304,33.85804170888379,8,6,9,0,1,Diversificación comercial y continuidad de proveedores
Santa Cruz,3271.96,0.21527141091375496,0.27202349661976305,0.08876331006491522,4853,782,552,910.0,2938.0,0.16113744075829384,06310,26.9765781247146,9,8,10,0,1,Diagnóstico de riego y continuidad de proveedores
Pumanque,730.26,0.15888762303901496,0.0726316654342289,0.0,477,146,33,74.0,264.0,0.3060796645702306,06309,23.615717891457447,10,8,10,0,1,Diversificación comercial y continuidad de proveedores
