Fecha,Anio,CUT,Comuna,Estacion,Codigo_DMC,Lluvia_mm,Max24h_mm,Pagina_PDF,Fuente,Estado
2017-06-01,2017,06303,Chimbarongo,San Benito de Chimbarongo,340044,192.4,42.9,87,https://climatologia.meteochile.gob.cl/publicaciones/anuario/anuario-2017.pdf,Observado
2017-07-01,2017,06303,Chimbarongo,San Benito de Chimbarongo,340044,81.9,28.2,87,https://climatologia.meteochile.gob.cl/publicaciones/anuario/anuario-2017.pdf,Observado
2017-08-01,2017,06303,Chimbarongo,San Benito de Chimbarongo,340044,115.7,32.1,87,https://climatologia.meteochile.gob.cl/publicaciones/anuario/anuario-2017.pdf,Observado
2017-06-01,2017,06301,San Fernando,San Fernando Ex-Sendos,340038,152.0,36.5,87,https://climatologia.meteochile.gob.cl/publicaciones/anuario/anuario-2017.pdf,Observado
2017-07-01,2017,06301,San Fernando,San Fernando Ex-Sendos,340038,71.5,21.5,87,https://climatologia.meteochile.gob.cl/publicaciones/anuario/anuario-2017.pdf,Observado
2017-08-01,2017,06301,San Fernando,San Fernando Ex-Sendos,340038,114.0,29.0,87,https://climatologia.meteochile.gob.cl/publicaciones/anuario/anuario-2017.pdf,Observado
2018-06-01,2018,06303,Chimbarongo,San Benito de Chimbarongo,340044,97.9,33.2,81,https://climatologia.meteochile.gob.cl/publicaciones/anuario/anuario-2018.pdf,Observado
2018-07-01,2018,06303,Chimbarongo,San Benito de Chimbarongo,340044,88.6,61.3,81,https://climatologia.meteochile.gob.cl/publicaciones/anuario/anuario-2018.pdf,Observado
2018-08-01,2018,06303,Chimbarongo,San Benito de Chimbarongo,340044,46.2,18.2,81,https://climatologia.meteochile.gob.cl/publicaciones/anuario/anuario-2018.pdf,Observado
2018-06-01,2018,06301,San Fernando,San Fernando Ex-Sendos,340038,103.5,42.0,81,https://climatologia.meteochile.gob.cl/publicaciones/anuario/anuario-2018.pdf,Observado
2018-07-01,2018,06301,San Fernando,San Fernando Ex-Sendos,340038,71.5,47.0,81,https://climatologia.meteochile.gob.cl/publicaciones/anuario/anuario-2018.pdf,Observado
2018-08-01,2018,06301,San Fernando,San Fernando Ex-Sendos,340038,47.5,17.0,81,https://climatologia.meteochile.gob.cl/publicaciones/anuario/anuario-2018.pdf,Observado
2019-06-01,2019,06303,Chimbarongo,San Benito de Chimbarongo,340044,76.7,49.8,108,https://climatologia.meteochile.gob.cl/publicaciones/anuario/anuario-2019.pdf,Observado
2019-07-01,2019,06303,Chimbarongo,San Benito de Chimbarongo,340044,22.2,13.6,108,https://climatologia.meteochile.gob.cl/publicaciones/anuario/anuario-2019.pdf,Observado
2019-08-01,2019,06303,Chimbarongo,San Benito de Chimbarongo,340044,3.5,2.4,108,https://climatologia.meteochile.gob.cl/publicaciones/anuario/anuario-2019.pdf,Observado
2019-06-01,2019,06301,San Fernando,San Fernando Ex-Sendos,340038,76.5,29.0,108,https://climatologia.meteochile.gob.cl/publicaciones/anuario/anuario-2019.pdf,Observado
2019-07-01,2019,06301,San Fernando,San Fernando Ex-Sendos,340038,25.5,17.5,108,https://climatologia.meteochile.gob.cl/publicaciones/anuario/anuario-2019.pdf,Observado
2019-08-01,2019,06301,San Fernando,San Fernando Ex-Sendos,340038,2.5,2.5,108,https://climatologia.meteochile.gob.cl/publicaciones/anuario/anuario-2019.pdf,Observado
2020-06-01,2020,06303,Chimbarongo,San Benito de Chimbarongo,340044,287.5,54.1,108,https://climatologia.meteochile.gob.cl/publicaciones/anuario/anuario-2020.pdf,Observado
2020-07-01,2020,06303,Chimbarongo,San Benito de Chimbarongo,340044,95.1,38.5,108,https://climatologia.meteochile.gob.cl/publicaciones/anuario/anuario-2020.pdf,Observado
2020-08-01,2020,06303,Chimbarongo,San Benito de Chimbarongo,340044,26.8,18.9,108,https://climatologia.meteochile.gob.cl/publicaciones/anuario/anuario-2020.pdf,Observado
2020-06-01,2020,06301,San Fernando,San Fernando Ex-Sendos,340038,281.5,54.5,108,https://climatologia.meteochile.gob.cl/publicaciones/anuario/anuario-2020.pdf,Observado
2020-07-01,2020,06301,San Fernando,San Fernando Ex-Sendos,340038,104.5,37.0,108,https://climatologia.meteochile.gob.cl/publicaciones/anuario/anuario-2020.pdf,Observado
2020-08-01,2020,06301,San Fernando,San Fernando Ex-Sendos,340038,9.5,8.5,108,https://climatologia.meteochile.gob.cl/publicaciones/anuario/anuario-2020.pdf,Observado
2021-06-01,2021,06303,Chimbarongo,San Benito de Chimbarongo,340044,56.2,22.6,109,https://climatologia.meteochile.gob.cl/publicaciones/anuario/anuario-2021.pdf,Observado
2021-07-01,2021,06303,Chimbarongo,San Benito de Chimbarongo,340044,10.5,9.4,109,https://climatologia.meteochile.gob.cl/publicaciones/anuario/anuario-2021.pdf,Observado
2021-08-01,2021,06303,Chimbarongo,San Benito de Chimbarongo,340044,158.0,60.9,109,https://climatologia.meteochile.gob.cl/publicaciones/anuario/anuario-2021.pdf,Observado
2021-06-01,2021,06301,San Fernando,San Fernando Ex-Sendos,340038,50.5,13.0,109,https://climatologia.meteochile.gob.cl/publicaciones/anuario/anuario-2021.pdf,Observado
2021-07-01,2021,06301,San Fernando,San Fernando Ex-Sendos,340038,14.0,14.0,109,https://climatologia.meteochile.gob.cl/publicaciones/anuario/anuario-2021.pdf,Observado
2021-08-01,2021,06301,San Fernando,San Fernando Ex-Sendos,340038,182.5,68.5,109,https://climatologia.meteochile.gob.cl/publicaciones/anuario/anuario-2021.pdf,Observado
2022-06-01,2022,06303,Chimbarongo,San Benito de Chimbarongo,340044,47.7,20.2,108,https://climatologia.meteochile.gob.cl/publicaciones/anuario/anuario-2022.pdf,Observado
2022-07-01,2022,06303,Chimbarongo,San Benito de Chimbarongo,340044,108.2,27.3,108,https://climatologia.meteochile.gob.cl/publicaciones/anuario/anuario-2022.pdf,Observado
2022-08-01,2022,06303,Chimbarongo,San Benito de Chimbarongo,340044,61.9,34.6,108,https://climatologia.meteochile.gob.cl/publicaciones/anuario/anuario-2022.pdf,Observado
2022-06-01,2022,06301,San Fernando,San Fernando Ex-Sendos,340038,61.5,28.0,108,https://climatologia.meteochile.gob.cl/publicaciones/anuario/anuario-2022.pdf,Observado
2022-07-01,2022,06301,San Fernando,San Fernando Ex-Sendos,340038,97.5,34.0,108,https://climatologia.meteochile.gob.cl/publicaciones/anuario/anuario-2022.pdf,Observado
2022-08-01,2022,06301,San Fernando,San Fernando Ex-Sendos,340038,68.0,32.5,108,https://climatologia.meteochile.gob.cl/publicaciones/anuario/anuario-2022.pdf,Observado
2023-06-01,2023,06303,Chimbarongo,San Benito de Chimbarongo,340044,128.7,23.6,108,https://climatologia.meteochile.gob.cl/publicaciones/anuario/anuario-2023.pdf,Observado
2023-07-01,2023,06303,Chimbarongo,San Benito de Chimbarongo,340044,88.5,57.4,108,https://climatologia.meteochile.gob.cl/publicaciones/anuario/anuario-2023.pdf,Observado
2023-08-01,2023,06303,Chimbarongo,San Benito de Chimbarongo,340044,251.1,69.7,108,https://climatologia.meteochile.gob.cl/publicaciones/anuario/anuario-2023.pdf,Observado
2023-06-01,2023,06301,San Fernando,San Fernando Ex-Sendos,340038,153.5,49.0,108,https://climatologia.meteochile.gob.cl/publicaciones/anuario/anuario-2023.pdf,Observado
2023-07-01,2023,06301,San Fernando,San Fernando Ex-Sendos,340038,85.0,43.5,108,https://climatologia.meteochile.gob.cl/publicaciones/anuario/anuario-2023.pdf,Observado
2023-08-01,2023,06301,San Fernando,San Fernando Ex-Sendos,340038,,,108,https://climatologia.meteochile.gob.cl/publicaciones/anuario/anuario-2023.pdf,Faltante en fuente
2024-06-01,2024,06303,Chimbarongo,San Benito de Chimbarongo,340044,343.2,82.5,256,https://climatologia.meteochile.gob.cl/publicaciones/anuario/anuario-2024.pdf,Observado
2024-07-01,2024,06303,Chimbarongo,San Benito de Chimbarongo,340044,0.0,0.0,256,https://climatologia.meteochile.gob.cl/publicaciones/anuario/anuario-2024.pdf,Observado
2024-08-01,2024,06303,Chimbarongo,San Benito de Chimbarongo,340044,123.2,53.2,256,https://climatologia.meteochile.gob.cl/publicaciones/anuario/anuario-2024.pdf,Observado
2024-06-01,2024,06301,San Fernando,San Fernando Ex-Sendos,340038,344.0,71.5,256,https://climatologia.meteochile.gob.cl/publicaciones/anuario/anuario-2024.pdf,Observado
2024-07-01,2024,06301,San Fernando,San Fernando Ex-Sendos,340038,3.5,3.5,256,https://climatologia.meteochile.gob.cl/publicaciones/anuario/anuario-2024.pdf,Observado
2024-08-01,2024,06301,San Fernando,San Fernando Ex-Sendos,340038,112.5,59.5,256,https://climatologia.meteochile.gob.cl/publicaciones/anuario/anuario-2024.pdf,Observado
2025-06-01,2025,06303,Chimbarongo,San Benito de Chimbarongo,340044,99.4,43.6,256,https://climatologia.meteochile.gob.cl/publicaciones/anuario/anuario-2025.pdf,Observado
2025-07-01,2025,06303,Chimbarongo,San Benito de Chimbarongo,340044,11.3,6.1,256,https://climatologia.meteochile.gob.cl/publicaciones/anuario/anuario-2025.pdf,Observado
2025-08-01,2025,06303,Chimbarongo,San Benito de Chimbarongo,340044,118.0,73.4,256,https://climatologia.meteochile.gob.cl/publicaciones/anuario/anuario-2025.pdf,Observado
2025-06-01,2025,06301,San Fernando,San Fernando Ex-Sendos,340038,92.5,32.5,256,https://climatologia.meteochile.gob.cl/publicaciones/anuario/anuario-2025.pdf,Observado
2025-07-01,2025,06301,San Fernando,San Fernando Ex-Sendos,340038,48.5,35.5,256,https://climatologia.meteochile.gob.cl/publicaciones/anuario/anuario-2025.pdf,Observado
2025-08-01,2025,06301,San Fernando,San Fernando Ex-Sendos,340038,102.0,48.5,256,https://climatologia.meteochile.gob.cl/publicaciones/anuario/anuario-2025.pdf,Observado
