Comuna,Escenario,Indice,Puesto
Chimbarongo,Base,86.53523900868383,1
Chépica,Base,53.04191385977376,4
Lolol,Base,33.85804170888379,8
Nancagua,Base,38.27165185571713,7
Palmilla,Base,53.15791056902067,3
Peralillo,Base,43.43244652139288,6
Placilla,Base,71.45871934799291,2
Pumanque,Base,23.615717891457447,10
San Fernando,Base,49.073472786152315,5
Santa Cruz,Base,26.9765781247146,9
Chimbarongo,Iguales,85.06720357960957,1
Chépica,Iguales,47.41200837755718,4
Lolol,Iguales,26.906755714506126,9
Nancagua,Iguales,38.8697549262119,7
Palmilla,Iguales,46.28604152352763,5
Peralillo,Iguales,39.99388818833157,6
Placilla,Iguales,69.07401126674289,2
Pumanque,Iguales,17.349178824224076,10
San Fernando,Iguales,55.6224158079631,3
Santa Cruz,Iguales,28.53205257792686,8
Chimbarongo,Agro,86.99092520108887,1
Chépica,Agro,65.55676460408368,4
Lolol,Agro,43.980270174482875,6
Nancagua,Agro,39.53678064867435,7
Palmilla,Agro,67.77162491411659,3
Peralillo,Agro,48.26463551512423,5
Placilla,Agro,81.32084865427608,2
Pumanque,Agro,36.37317351340961,8
San Fernando,Agro,33.37344948477786,9
Santa Cruz,Agro,24.714425338030203,10
Chimbarongo,Agua,73.17145486922679,2
Chépica,Agua,41.60323772487053,5
Lolol,Agua,19.677957866396014,9
Nancagua,Agua,47.70960690743003,3
Palmilla,Agua,35.80662111912463,6
Peralillo,Agua,35.613150446606426,7
Placilla,Agua,81.42896199682453,1
Pumanque,Agua,13.654965571893843,10
San Fernando,Agua,45.08198388174689,4
Santa Cruz,Agua,27.777412256984963,8
Chimbarongo,Mercado,90.53414752943112,1
Chépica,Mercado,50.10095310778073,5
Lolol,Mercado,19.623580521926076,9
Nancagua,Mercado,35.550675883382056,7
Palmilla,Mercado,51.63354539065723,4
Peralillo,Mercado,36.84621225221285,6
Placilla,Mercado,64.51977874297752,3
Pumanque,Mercado,15.225607984291775,10
San Fernando,Mercado,67.50751624048429,2
Santa Cruz,Mercado,32.53975959156124,8
