Fecha,Real,Pronostico,LI95,LS95,Modelo
2013-02-01,118068.36352840088,,,,
2013-03-01,113763.602093548,,,,
2013-04-01,101329.4651357137,,,,
2013-05-01,85803.15055385245,,,,
2013-06-01,84152.1395963635,,,,
2013-07-01,84923.25865409216,,,,
2013-08-01,80743.09297590627,,,,
2013-09-01,76249.82649710264,,,,
2013-10-01,74592.04505738127,,,,
2013-11-01,84041.17534902507,,,,
2013-12-01,92577.04264331242,,,,
2014-01-01,99716.42938996652,,,,
2014-02-01,97660.63517470266,,,,
2014-03-01,97032.13611273371,,,,
2014-04-01,88750.28225381019,,,,
2014-05-01,77830.39282017708,,,,
2014-06-01,73277.59216046597,,,,
2014-07-01,74609.72864334699,,,,
2014-08-01,75817.7320839731,,,,
2014-09-01,76559.5761420599,,,,
2014-10-01,86340.20703855343,,,,
2014-11-01,94805.10735585944,,,,
2014-12-01,98036.49228363052,,,,
2015-01-01,99754.95352657649,,,,
2015-02-01,103810.2715417814,,,,
2015-03-01,96993.21286861526,,,,
2015-04-01,84345.58888480999,,,,
2015-05-01,69676.0536887537,,,,
2015-06-01,68991.76635695445,,,,
2015-07-01,71096.42415742879,,,,
2015-08-01,72764.39393970599,,,,
2015-09-01,77126.62161213458,,,,
2015-10-01,81277.43656101392,,,,
2015-11-01,95446.31448522676,,,,
2015-12-01,99036.00634596634,,,,
2016-01-01,104841.8579682763,,,,
2016-02-01,102216.2099507406,,,,
2016-03-01,101314.1201751816,,,,
2016-04-01,92013.1317408772,,,,
2016-05-01,82104.34603031505,,,,
2016-06-01,79220.83122770283,,,,
2016-07-01,81486.98363395341,,,,
2016-08-01,82114.0742408645,,,,
2016-09-01,81856.72022093974,,,,
2016-10-01,85648.69574883339,,,,
2016-11-01,96647.50107241396,,,,
2016-12-01,98749.07818417436,,,,
2017-01-01,100424.85310282288,,,,
2017-02-01,104423.2968323582,,,,
2017-03-01,102188.0359664164,,,,
2017-04-01,90891.5586418666,,,,
2017-05-01,75077.58826252223,,,,
2017-06-01,74855.69750067078,,,,
2017-07-01,78778.68504765381,,,,
2017-08-01,80972.88411655642,,,,
2017-09-01,82948.73671899799,,,,
2017-10-01,90156.05372110114,,,,
2017-11-01,105362.3863161804,,,,
2017-12-01,105586.773087177,,,,
2018-01-01,103921.1027389503,,,,
2018-02-01,94847.82819406972,,,,
2018-03-01,97384.81339001516,,,,
2018-04-01,88807.42298632757,,,,
2018-05-01,77715.33129418129,,,,
2018-06-01,72401.46845976487,,,,
2018-07-01,78429.66833974591,,,,
2018-08-01,72283.1913053062,,,,
2018-09-01,76604.56137581683,,,,
2018-10-01,84307.9519958,,,,
2018-11-01,106330.0946713251,,,,
2018-12-01,111248.8344866557,,,,
2019-01-01,109523.62487910288,,,,
2019-02-01,96152.47249101225,,,,
2019-03-01,89654.83718934849,,,,
2019-04-01,82172.84224645169,,,,
2019-05-01,78669.62617575182,,,,
2019-06-01,80173.86525797096,,,,
2019-07-01,85584.95427354636,,,,
2019-08-01,82662.15371997538,,,,
2019-09-01,85025.08102051733,,,,
2019-10-01,93651.85704445462,,,,
2019-11-01,106940.29626847616,,,,
2019-12-01,103520.41953092554,,,,
2020-01-01,94787.08870014736,,,,
2020-02-01,87130.34686922442,,,,
2020-03-01,74329.10277394464,,,,
2020-04-01,57248.013958175776,,,,
2020-05-01,50753.98407873677,,,,
2020-06-01,49425.30940277653,,,,
2020-07-01,49217.19175920375,,,,
2020-08-01,57605.901919467695,,,,
2020-09-01,65264.958583536296,,,,
2020-10-01,77638.86724097595,,,,
2020-11-01,86905.38518219315,,,,
2020-12-01,90395.65099447506,,,,
2021-01-01,94671.62270963764,,,,
2021-02-01,87112.16045886121,,,,
2021-03-01,84037.2944723834,,,,
2021-04-01,71583.97537563063,,,,
2021-05-01,66152.96989999448,,,,
2021-06-01,67538.4509002071,,,,
2021-07-01,67215.36715814796,,,,
2021-08-01,70571.19494731903,,,,
2021-09-01,68867.64705960925,,,,
2021-10-01,73660.75843753695,,,,
2021-11-01,83720.19738459434,,,,
2021-12-01,86717.23763789533,,,,
2022-01-01,88971.29571722094,,,,
2022-02-01,82966.70000719714,,,,
2022-03-01,84050.82579573835,,,,
2022-04-01,79353.61721809297,,,,
2022-05-01,71564.69939750303,,,,
2022-06-01,71603.2447216082,,,,
2022-07-01,72233.68054825184,,,,
2022-08-01,76221.58926712582,,,,
2022-09-01,75580.14253955822,,,,
2022-10-01,77760.36787743596,,,,
2022-11-01,85748.60264097009,,,,
2022-12-01,88295.7554602075,,,,
2023-01-01,91207.08981840812,,,,
2023-02-01,87613.30123431033,,,,
2023-03-01,86167.14940726498,,,,
2023-04-01,76128.34273550846,,,,
2023-05-01,70473.94489129752,,,,
2023-06-01,66328.50749686483,,,,
2023-07-01,68216.69410641344,,,,
2023-08-01,70782.8419341101,,,,
2023-09-01,75485.74291673074,,,,
2023-10-01,80835.4027509278,,,,
2023-11-01,81962.77596960576,,,,
2023-12-01,83369.42987598883,,,,
2024-01-01,79763.58982863498,,,,
2024-02-01,79147.12401076006,,,,
2024-03-01,74999.74566380684,,,,
2024-04-01,66978.48275144894,,,,
2024-05-01,63217.84278524343,,,,
2024-06-01,64462.21637871433,,,,
2024-07-01,68815.15884206146,,,,
2024-08-01,70574.79530066761,,,,
2024-09-01,67613.26712338247,,,,
2024-10-01,78171.30749428815,,,,
2024-11-01,86958.58984419229,,,,
2024-12-01,89899.08208120655,,,,
2025-01-01,81213.7173886285,,,,
2025-02-01,77073.46028416579,,,,
2025-03-01,74707.30763972011,,,,
2025-04-01,70601.85879634196,,,,
2025-05-01,65799.28684472095,,,,
2025-06-01,63536.13462717268,,,,
2025-07-01,66569.9850970418,,,,
2025-08-01,67475.41284520969,,,,
2025-09-01,70248.41116068776,,,,
2025-10-01,75937.4995292044,,,,
2025-11-01,80832.71357841975,,,,
2025-12-01,81887.33045105783,,,,
2026-01-01,79648.95224173153,,,,
2026-02-01,78852.73487161122,,,,
2026-03-01,73084.37994502726,,,,
2026-04-01,67079.02004675684,,,,
2026-05-01,63690.10549067328,,,,
2026-06-01,63797.04268700585,,,,
2026-07-01,67699.49737197398,,,,
2026-08-01,,62322.04600559927,44565.77344257962,76883.18075981036,Regresión estacional
2026-09-01,,66172.54703753979,47459.84713383748,81123.48680795387,Regresión estacional
2026-10-01,,71751.52432442775,53242.97662916583,86438.32501534098,Regresión estacional
2026-11-01,,78205.58588808848,59570.761107304,92773.59512813383,Regresión estacional
2026-12-01,,83463.79210264496,64670.079462973816,98205.65987123354,Regresión estacional
2027-01-01,,85099.04948439857,65999.70359497496,100086.99391151423,Regresión estacional
2027-02-01,,81961.51795317346,64339.161343282605,96815.09580062424,Regresión estacional
